/*
SQLyog Ultimate v8.32 
MySQL - 5.1.73 : Database - cloud_wall
*********************************************************************
*/

/*!40101 SET NAMES utf8 */;

/*!40101 SET SQL_MODE=''*/;

/*!40014 SET @OLD_UNIQUE_CHECKS=@@UNIQUE_CHECKS, UNIQUE_CHECKS=0 */;
/*!40014 SET @OLD_FOREIGN_KEY_CHECKS=@@FOREIGN_KEY_CHECKS, FOREIGN_KEY_CHECKS=0 */;
/*!40101 SET @OLD_SQL_MODE=@@SQL_MODE, SQL_MODE='NO_AUTO_VALUE_ON_ZERO' */;
/*!40111 SET @OLD_SQL_NOTES=@@SQL_NOTES, SQL_NOTES=0 */;
CREATE DATABASE /*!32312 IF NOT EXISTS*/`cloud_wall` /*!40100 DEFAULT CHARACTER SET utf8 */;

USE `cloud_wall`;

/*Table structure for table `ana` */

DROP TABLE IF EXISTS `ana`;

CREATE TABLE `ana` (
  `id` int(20) NOT NULL AUTO_INCREMENT,
  `user_id` int(20) DEFAULT NULL,
  `ana_type_id` int(20) DEFAULT NULL,
  `ana_title` varchar(50) DEFAULT NULL,
  `ana_content` text,
  `ana_from` varchar(50) DEFAULT NULL,
  `comment_num` int(20) DEFAULT '0',
  `prize_num` int(20) DEFAULT '0',
  `create_date` datetime DEFAULT NULL,
  PRIMARY KEY (`id`)
) ENGINE=InnoDB AUTO_INCREMENT=251 DEFAULT CHARSET=utf8;

/*Data for the table `ana` */

insert  into `ana`(`id`,`user_id`,`ana_type_id`,`ana_title`,`ana_content`,`ana_from`,`comment_num`,`prize_num`,`create_date`) values (1,1,4,'这就是苦逼的我','爸:这就是苦逼的我\r\n十几岁就出来挣钱，从一无所直，发展到身无分文，再从身无分文拼搏到负债累累，这就是我，不一样的烟火，我就是我，我看到自己都冒.....\r\n\r\n妈:我看到你更冒火','热评墙',0,0,'2019-08-08 00:00:00'),(2,1,3,'为什么 凭什么','你会等一个人很久吗？不会\r\n为什么？凭什么？','热评墙',0,0,'2019-08-08 00:00:00'),(3,1,2,'释然了吧','在一个婚礼上，一个小孩问他妈妈“为什么新娘姐姐在哭啊？”\r\n他妈妈说“可能他觉得很幸福吧又或者时没有嫁给十七岁想嫁给的那个人”','热评墙',0,0,'2019-08-08 00:00:00'),(4,1,2,'爱是什么','有一天我问一个小男孩，爱是什么？小男孩想了一下说：爱就像狗狗舔你的手 。\r\n我听完笑了笑，果然只是个孩子，转身走时，背后小男孩接着说：即使你已经不要它了','热评墙',0,0,'2019-08-08 00:00:00'),(5,1,2,'前人栽树 后人乘凉','感情有时候就是 前人栽树后人乘凉的过程\r\n可是我教你学会爱 不是叫你去爱别人的','热评墙',0,0,'2019-08-08 00:00:00'),(6,1,2,'凉辽 凉辽 凉辽','你知道吗？\r\n为什么现在的男生撩着撩着就不理你了？\r\n因为他们是大面积撒网，选择性捕捞\r\n最后...你被放生了\r\n为什么一个男生追着追着你就不理你了\r\n是大面积撒网，你被放生了吗？\r\n可能...可能是他追你的时候，你一点回应都没有\r\n他心凉了...\r\n假如你当初能给他那么一点点一点点的温柔\r\n你现在可能还是他现在手中的那个小公主，真的','热评墙',0,0,'2019-08-08 00:00:00'),(7,1,2,'拥有','上天不给我的，无论我十指怎样紧扣，仍然走漏；\r\n给我的，无论过去我怎么失手，都会拥有。','热评墙',0,0,'2019-08-08 00:00:00'),(8,1,2,'有多伟大就有多卑微','楼下听到一个女孩子哭着打电话:“为什么不接我的电话为什么不理我?\"\r\n以为又是个电话查岗女朋友，走过她身边时，听到她带着哭腔说:\r\n“你要说分手你就好好说啊，不要不接电话，别人会担心你的安全知道吗，\r\n你开车又爱走神，我好害怕你出事，分手就分啊你不要吓我.\"感情啊，有多伟大就有多卑微。\r\n','热评墙',0,0,'2019-08-08 00:00:00'),(9,1,2,'理想','家人围着6岁的儿子问他的理想，儿子说他想当医生。\r\n外婆说医生好，社会地位高。奶奶说待遇也不错。爷爷说除了工资还有其他的收入呢！外公说更重要的是以后找对象方便。\r\n爸爸听后，满意地问儿子为什么想当医生。他说：“不是说医生可以治病救人吗？”','热评墙',0,0,'2019-08-08 00:00:00'),(10,1,2,'听','五年前，我听周杰伦；三年前，我听陈奕迅；\r\n现在我听民谣。以前听歌，听旋律，后来，听歌词，现在，听故事。','热评墙',0,0,'2019-08-08 00:00:00'),(11,1,2,'再见','我想 我们的关系应该是这样的 \r\n如果余生你不主动找我 我这辈子都不会再与你有交集 \r\n但只要你与我说话 我看见了一定秒回 或者你说想见我 \r\n就算是刀山火海也要以最快的速度出现在你的面前 但你不找我 我应该真的不会出现在你的世界里了','热评墙',0,0,'2019-08-08 00:00:00'),(12,1,2,'说如果说像我 为什么不是我呢','希望她最后嫁一个像我一样的人  \r\n这样她就会永远记住我了   又害怕  \r\n她最后嫁一个像我一样的人  说如果说像我  为什么不是我呢','热评墙',0,0,'2019-08-08 00:00:00'),(13,1,2,'甘蔗男','现在的男生真的太惨了\r\n不会撩人吧，被说成直男\r\n会撩人吧，又被说成渣男\r\n对女孩子好吧，就成了中央空调\r\n对女孩子不好吧，就被人骂成狗\r\n有呼吸=渣男  没呼吸=死渣男','热评墙',0,0,'2019-08-08 00:00:00'),(14,1,2,'轻易代替','难过不是你和别人好\r\n是看到别人那么容易就可以代替我的存在\r\n对我来说没有人可以像你\r\n对你来说每个人都可以是我\r\n','热评墙',0,0,'2019-08-08 00:00:00'),(15,1,4,'可爱','我现在就是小可爱，长大就是大可爱，\r\n老了就是老可爱，死了就是可爱死了','热评墙',0,0,'2019-08-08 00:00:00'),(16,1,3,'算了','\"算了\" 这两个字里包含了多少失望与自嘲，别人是不会明白的','热评墙',0,0,'2019-08-08 00:00:00'),(17,1,3,'大雄','生活，比漫画残忍一百倍。它在你身边安排了无数喜欢欺负你的胖虎，\r\n无数喜欢嘲笑你的小夫，和一个你难以追上的静香，却从来没想过要送你一只真正的机器猫。','热评墙',0,0,'2019-08-08 00:00:00'),(18,1,2,'微弱亮光','阿信在演唱会上唱温柔 他说:“你们带电话了吗 拿出来 打给你们喜欢的人 我唱温柔给他听\r\n”全世界都暗了 只剩下全场观众手机屏幕发出的微弱亮光 那些亮光链接着自己和喜欢的人','热评墙',0,0,'2019-08-08 00:00:00'),(19,1,2,'我懂了','昨天进了他空间，与现任笑颜如花，我默默改了个签名\r\n“你过的好我会心疼我自己，你过的不好我又心疼你，希望你过的好但别让我知道”\r\n访客记录显示他访问9遍，后来再进他空间他对我设了限权，他懂了','热评墙',0,0,'2019-08-08 00:00:00'),(20,1,2,'只是你永远不知道罢了','我有一个室友，挺胖，总是很晚才睡，有一次我随口问他为什么每天这么晚睡。\r\n他笑了笑：因为我打呼噜很大声音，我怕我先睡着了，会吵着你们休息。\r\n突然感觉什么东西一下就击中了心脏，总有好多好多人他们有好多好多的好，只是你永远不知道罢了','热评墙',0,0,'2019-08-08 00:00:00'),(21,1,2,'歪歪歪','歪歪歪？你去接别的小朋友回家吧，她比我漂亮比我可爱比我聪明，最重要的是她对你来说比我重要。\r\n你也说她比我还要喜欢你哎。我没关系的，\r\n你不在的这些日子里我长大啦，我能自己回家啦。\r\n虽然很想很想你，很喜欢很喜欢你不管你知不知道，你以前说超级喜欢我的，怎么就突然不喜欢了。','热评墙',0,0,'2019-08-08 00:00:00'),(22,1,2,'小丑的微笑','一次表演，小丑不小心从舞台上摔下来，牙齿被摔掉了很多颗，\r\n满脸是血，很疼，表情很扭曲。全场观众大笑，\r\n因为他得表演真的很精彩，很夸张，道具做的非常好。\r\n只有一个小女孩拉拉她妈妈的衣袖说：“妈妈，小丑哭了。”但没人听见，一个也没有。','热评墙',0,0,'2019-08-08 00:00:00'),(23,1,2,'暖阳','三年级，我小学成绩最差的时候。老师布置了一个作文，题目叫为妈妈做的早餐。\r\n我实在想不出素材，我想只能亲身实践才有素材，\r\n周六一大早，我偷偷早起，踩着凳子笨拙煮好粥，煎了一个完美的鸡蛋和两根火腿肠。\r\n跑到书房开电脑，找到这首歌（听妈妈的话），我妈一起床刚出房门，我就点下播放按钮。然后她就站在那哭了。。','热评墙',0,0,'2019-08-08 00:00:00'),(24,1,4,'气喘吁吁','今天下班回家敲门，半天老婆散着头发穿着睡衣开门了，气喘吁吁的叫我买瓶洗发水在回来，\r\n还多给我了100叫我买2包好烟抽，自从钱包被收了后，老婆好久没给过我多余的零花钱了，老婆真好！我开心的去超市了','热评墙',0,0,'2019-08-08 00:00:00'),(25,1,3,'何曾不想','每当有人问起，为什么我不恋爱的时候，我都以麻烦为由搪塞过去。\r\n又有人开始问我到底喜欢过谁没有，我也轻描淡写地表示否定。\r\n无数的朋友告诉我，或许是你还没碰到过真正喜欢的人吧，\r\n我却没法开口告诉他们，其实我曾经碰到过，碰得太早，以至于我没来得及分清，也没来得及弄明白。','热评墙',0,0,'2019-08-08 00:00:00'),(26,1,2,'晚点也没关系','总嚷嚷着要找对象，可是从来没有主动过 \r\n我害怕快餐爱情，害怕分开，害怕最后我认真了别人却只是敷衍 所以我等，\r\n等一个到最后还在我身边的人，我坚持或者偏执的相信有一个人会看穿我假装的冷漠，\r\n真正的靠近我留在我身边爱着我也给我一个机会去爱她 如果最后能在一起，那么晚点也没关系。','热评墙',0,0,'2019-08-08 00:00:00'),(27,1,2,'当然厉害','爸爸：儿子你觉得爸爸壮吗？\r\n儿：嗯。\r\n爸爸：你觉得少林功夫厉害吗？\r\n儿子：厉害。\r\n爸爸：如果我剃成光头，练少林功夫好吗？\r\n儿子拍手：太好了。\r\n第二天，儿子看到光头的爸爸，高兴地说：爸爸加油，一定要练成高手。\r\n那天，是爸爸化疗的第一天','热评墙',0,0,'2019-08-08 00:00:00'),(28,1,4,'生活还是蛮和谐的','今天我让媳妇看这个视频，她竟然说不搞笑，我当时就跟她吵了起来，\r\n可后来我就想: 我一个大男人，为什么要和一个女人计较，更何况还是自己的媳妇! 我当时就道歉了道完歉，\r\n媳妇也很高兴，她把手里的菜刀放下了，她妹妹抓着我头发的手也松开了，\r\n她哥手里的砖头放下了，她弟弟手里的铁楸也放下了，丈母娘手里的擀面杖也扔了，\r\n老丈人拿出手机说道: 棺材还退回去吧。看看，只要多沟通，生活还是蛮和谐的','热评墙',0,0,'2019-08-08 00:00:00'),(29,1,3,'向来心是看客心','海底月是天上月，眼前人是心上人 \r\n向来心是看客心，奈何人是剧中人 \r\n山有木兮木有枝，心悦君兮君不知 ','热评墙',0,0,'2019-08-08 00:00:00'),(30,1,2,'为什么最后消失的是我','明明我先找到那个孩子的，明明我先认出她的，明明我先爱上她的。但是，为什么最后消失的是我。','热评墙',0,0,'2019-08-08 00:00:00'),(31,1,4,'小动物','并不是所有女生都喜欢钱 还有一些善良的女生也喜欢小动物 比如路虎 宝马 捷豹啊 还有天猫','热评墙',0,0,'2019-08-08 00:00:00'),(32,1,2,'名不正言不顺','我觉得喜欢上一个不可能在一起的人，感觉就像是进一步没有资格，退一步舍不得。反正就是没有身份的过问她的生活，连吃个醋都是名不正言不顺…','热评墙',0,0,'2019-08-08 00:00:00'),(33,1,4,'要找自己喜欢的','找男朋友不一定找有钱的 但一定要找自己喜欢的\n那你喜欢什么样的   我喜欢有钱的','热评墙',0,0,'2019-08-08 00:00:00'),(34,1,2,'前人栽树 后人乘凉','感情有时候就是\n前人栽树后人乘凉的过程\n可是我教你学会爱  不是叫你去爱别人的','热评墙',0,0,'2019-08-08 00:00:00'),(35,1,3,'你已经知道了答案','当你不确定做一件事情的时候，你可以选择抛硬币，当你想要抛第二次的时候，你已经知道了答案','热评墙',0,0,'2019-08-08 00:00:00'),(36,1,2,'维修60年','“奶奶，为什么你们那个年代的爱情可以维持60年。”“因为我们那个年代什么东西坏了只想的去修 而你们却总想着换。','热评墙',0,0,'2019-08-08 00:00:00'),(37,1,4,'婴儿车','和朋友吃饭时旁边的婴儿一直哭，搞得我很烦。朋友看出了我的烦躁，说大家都不容易，让我尽量换位思考一下就能理解了。现在我坐在了婴儿车里，还是觉得有点烦','热评墙',0,0,'2019-08-08 00:00:00'),(38,1,2,'我他妈做梦都想娶你啊','那天和朋友在美食街酒吧喝酒，街的背后是个大饭店，一条街停满了贴着囍的车，一个穿西装的男人，走进来坐在我们后排，我看见他半笑着扯下胸口的伴郎胸牌，一个人喝了大概三打酒，拿出手机大声的喊着，好像是外省的，听了两边才听懂，我他妈做梦都想娶你啊，手机是黑着的，和眼泪一样没有一点呼吸。','热评墙',0,0,'2019-08-08 00:00:00'),(39,1,3,'野心 才华','我很喜欢这段话：当你的才华还撑不起你的野心的时候，你就应该静下心来学习；当你的能力还驾驭不了你的目标时，就应该沉下心来，历练；梦想，不是浮躁，而是沉淀和积累，只有拼出来的美丽，没有等出来的辉煌，机会永远是留给最渴望的那个人，学会与内心深处的你对话，问问自己，想要怎样的人生，静心学习，耐心沉淀。','热评墙',0,0,'2019-08-08 00:00:00'),(40,1,2,'平淡的生活','这个社会，最可敬的莫过于那些既不是学霸也不是学渣的人。他们兢兢业业，踏踏实实，即使努力在没有成果，也从没想过放弃，也许他们不够聪明，但他们绝对的努力。更或许你我就是所说的那种人，过着平淡的生活，爱着你爱的人，挺好。','热评墙',0,0,'2019-08-08 00:00:00'),(41,1,3,'我只知道 你是我的朋友','高考过后你不用告诉我考了多少分 喜悲之后也不用说志愿填了什么 只要告诉我最后去了哪 我要找你要坐多久的火车 在此停留可否蹭口饭吃 一本二本三本我分不清 我只知道 你是我的朋友','热评墙',0,0,'2019-08-08 00:00:00'),(42,1,2,'自我保护方式','向来比较擅长的自我保护方式是，一旦觉察到对方的冰冷态度就自觉退避三舍，从来不会想要去捂热这段关系。就跟趋利避害似的，惯性的只想靠近温暖的人。','热评墙',0,0,'2019-08-08 00:00:00'),(43,1,2,'我也很难过','女朋友非要我陪她看《前任3》，结果看的时候，她全程看我的反应，呵呵，久经沙场这么多年，厨房少一把刀我会不知道吗？','热评墙',0,0,'2019-08-08 00:00:00'),(44,1,3,'不用再等了','“有人说，如果你很想要一样东西，就放它走，如果它回来找你，那么它永远都是你的，要是它没有回来，那么不用再等了，因为它根本就不是你的……” ','热评墙',0,0,'2019-08-08 00:00:00'),(45,1,3,'他觉得没有你 他会过得更好','那些离开你的人 无论当初是出于什么原因离开的 也许他犹豫过挣扎过不舍过 但至少在他决定要走的那一瞬间 他觉得没有你 他会过得更好. ','热评墙',0,0,'2019-08-08 00:00:00'),(46,1,2,'特别的你','斑马真的很喜欢长颈鹿 她觉得长颈鹿特别特别的帅 可他又老是觉得自己配不上长颈鹿 她觉得长颈鹿喜欢美丽的白马 所以啊 他就把自己身上的斑纹化成白色 他告诉长颈鹿她是一匹白马 又和长颈鹿成了朋友 可有一天长颈鹿告诉她 以前常有一只可爱的斑马 可后来怎么没见她 他真的好喜欢那个可爱的小斑马','热评墙',0,0,'2019-08-08 00:00:00'),(47,1,2,'被抛弃了','你有没有那种在某一个时刻感觉被全世界抛弃了，窗外家家户户的灯光很热闹，电视里的综艺节目很热闹，微博上很热闹，聊天群组不停的提示新消息，但是你感觉被排除在这些热闹之外，你很想参与进去，手机打了几个字又逐个删掉，想想算了，拉上窗帘，关掉电视。','热评墙',0,0,'2019-08-08 00:00:00'),(48,1,3,'明白了生活 懂得了自己','你要相信 ，你生命里遇到的每个人每件事 都有它的价值和意义 ，有些人教会你爱 有些事教会你成长， 哪怕只是浅浅在你的路途中留下印记 也是一笔难能可贵的财富 ，至少在曾经某个时刻 ，你明白了生活 你懂得了自己。','热评墙',0,0,'2019-08-08 00:00:00'),(49,1,2,'选择性捕捞？','你知道吗？\n为什么现在的男生撩着撩着就不理你了？\n因为他们是大面积撒网，选择性捕捞\n最后...你被放生了\n为什么一个男生追着追着你就不理你了\n是大面积撒网，你被放生了吗？\n可能...可能是他追你的时候，你一点回应都没有\n他心凉了...\n假如你当初能给他那么一点点一点点的温柔\n你现在可能还是他现在手中的那个小公主，真的','热评墙',0,0,'2019-08-08 00:00:00'),(50,1,4,'手头有点紧','我：老妈，最近我手头有点紧。 老妈：那就挂了吧，省电话费。 我：你忘了啊，我们是亲情号，不用钱的。 老妈：那你省点电吧，充电也需要花钱。 我：我住宿舍，不交电费的。 老妈：那你省点力气吧，说话多了，容易，饿。','热评墙',0,0,'2019-08-08 00:00:00'),(51,1,4,'气喘吁吁','我昨晚两点多给你打电话，你喘着气说\n在跑步，然后我听到啪啪啪的声音，你说你穿着拖鞋跑，旁边还有个男人喘着气说我要冲刺了，结果我听到了你啊~哦~嗯的声音，你说你扭到脚了，今晚别处去跑步了好吗，我给你买了台跑步机。','热评墙',0,0,'2019-08-08 00:00:00'),(52,1,2,'很长很长的梦','昨天夜里做了个梦 思绪翻涌躺在床上醒来后发现眼泪止不住的往外流 脑袋放空后也不知道自己在哭什么 但眼泪还是在继续往外流 眼腺级度膨胀 压抑在心底的终于释放 说不出的感觉 就是难过','热评墙',0,0,'2019-08-08 00:00:00'),(53,1,4,'做梦','有一回我做梦，梦到我变成了一颗树，其实做树还是很带劲的，狗在我身上撒尿，鸟在我头上拉屎，人喝醉了还吐我一身。也不是没有好事，我面前长出了一朵小花，我愿意为它遮风挡雨一生一世，春天到了，它却受了别人的花粉，整个树叶都是绿色的。','热评墙',0,0,'2019-08-08 00:00:00'),(54,1,2,'主动联系','几乎不会主动联系任何人 哪怕心里再想 也绝对不会主动去联系 这是高傲么 不 这是自卑 因为怕高估了自己在别人心中的位置 怕别人没那么喜欢 害怕受伤 害怕出丑 害怕被拒绝 所以 把自己伪装成一个被动高傲从不主动的人 高冷的自卑患者 大抵都是如此. ','热评墙',0,0,'2019-08-08 00:00:00'),(55,1,2,'曾经是，以后也是','我告诉你我喜欢你，我并不是一定要和你在一起，只是希望今后的你，在遭遇人生低谷的时候，不要灰心，至少曾经有人被你的魅力所吸引，曾经是，以后也是','热评墙',0,0,'2019-08-08 00:00:00'),(56,1,3,'无问西东','\n看见的和听到的\n经常会令你们沮丧\n世俗是这样强大 \n强大到生不出改变它们的念头\n可是如果有机会 \n提前了解了你们的人生\n你是否还会有勇气前来\n如果知道青春也不过只有这些日子\n不知你们是否还会在意 \n那些世俗希望你们在意的事情\n比如占有多少才更荣耀\n拥有什么才能被爱\n等你们长大，你们会 \n因为绿芽冒出土地而喜悦\n会对初升的朝阳欢呼跳跃\n你会给别人善意和温暖。\n但是却会在赞美别的生命的同时，\n常常甚至永远的忘了自己的珍贵。','热评墙',0,0,'2019-08-08 00:00:00'),(57,1,2,'陈独秀','也不知道哪来的自信，一天不好好学习无所事事的，但总感觉自己有一天会赚大钱。而且这种感觉还他妈异常强烈','热评墙',0,0,'2019-08-08 00:00:00'),(58,1,3,'无问西东','你一生所要追求的功名利禄，没有什么是你的祖上没经历过的，那些只不过是人生的幻光。','热评墙',0,0,'2019-08-08 00:00:00'),(59,1,3,'无问西东','看见的和听到的\n经常会令你们沮丧\n世俗是这样强大 \n强大到 生不出改变它们的念头\n可是如果有机会 \n提前了解了你们的人生\n你是否还会有勇气前来\n如果知道青春也不过只有这些日子\n不知你们是否还会在意 \n那些世俗希望你们在意的事情\n比如占有多少才更荣耀\n拥有什么才能被爱\n等你们长大，你们会 \n因绿芽冒出土地而喜悦\n会对初升的朝阳欢呼跳跃\n你会给别人善意和温暖。\n但是却会在赞美别的生命的同时，\n常常甚至永远的忘了自己的珍贵。\n','热评墙',0,0,'2019-08-08 00:00:00'),(60,1,3,'无问西东','愿你在被打击时， 记起你的珍贵，抵抗恶意； 在迷茫时，坚信你的珍贵。 爱你所爱，行你所行， 听从你心，无问西东。','热评墙',0,0,'2019-08-08 00:00:00'),(61,1,2,'人性的弱点','如果你一直是个好人，某天不小心做了一件坏事，大家会说，原来这人不咋地，平时挺会演啊。如果你一直是个坏人呢，某天做了件好事，大家会说，其实这人挺好的，以前没看出来。你说这是不是很狗 血？','热评墙',0,0,'2019-08-08 00:00:00'),(62,1,2,'喜剧 悲剧','周星驰说过这样一句话：“我拍了很多悲剧，但你们都说那是喜剧。”是啊，这世上有太多南辕北辙。好恶之于你我，不过是两岸灯火。就像你喜欢拈花浅笑，而我喜欢把酒度宵。你喜欢荒凉大漠的广浩，而我偏爱这入目成诗的枯槁。就像是，你生活且还如意，而谈及我时，我只说了一句“别问了，过得不好。”','热评墙',0,0,'2019-08-08 00:00:00'),(63,1,4,'单身狗的清香','全世界都弥漫着恋爱的酸臭味，\n只有你散发着单身狗的清香。\n自从你妈知道了单身狗这个词，\n她都快忘记你叫什么名字了。','热评墙',0,0,'2019-08-08 00:00:00'),(64,1,2,'你很努力了，可以好好休息了','好想被人抱抱啊，不带任何想法的，只是因为心疼我，觉得我该休息了，然后在我措不及防的时候拥我入怀，揉揉我的头发告诉我，已经够了，你很努力了，可以好好休息了','热评墙',0,0,'2019-08-08 00:00:00'),(65,1,2,'醉生梦死','从前以为得到你是美丽现实  现在认为是白日之梦\n此刻倒在厕所里倾吐胃里的酒精   愿我们各自安好','醉生梦死',0,0,'2019-08-08 00:00:00'),(66,1,3,'抛硬币','\n当你不确定做一件事情的时候，你可以选择抛硬币，当你想要抛第二次的时候，你已经知道了答案','热评墙',0,0,'2019-08-08 00:00:00'),(67,1,3,'80000','可能你见过我一丝不挂的样子（80000）但你一定没见过我穿婚纱的样子。','热评墙',0,0,'2019-08-08 00:00:00'),(68,1,2,'我不要了，都不要了​​​​','你可以不在乎我的感受;也可以不在乎我的热情，甚至可以不用理会我的沮丧和难过每个人的付出都是有限的我输的很惨，就是很惨。所以我不要了，都不要了​​​​','热评墙',0,0,'2019-08-08 00:00:00'),(69,1,2,'亲爱的陌生人​​​​','那些翻着评论却不评论的人或许才是真的孤独寂寞的人 路过的陌生人 愿你贪吃不胖 懒惰不丑 愿有人爱你如初 疼你入骨 从此深情不被辜负 余生有人陪 祝你幸福 ，亲爱的陌生人​​​​','热评墙',0,0,'2019-08-08 00:00:00'),(70,1,3,'庸医','时间是个庸医 却能包治百病','热评墙',0,0,'2019-08-08 00:00:00'),(71,1,3,'《师说》','是故弟子不必不如师，师不必贤于弟子，闻道有先后，术业有专攻，如是而已。','《师说》',0,0,'2019-08-08 00:00:00'),(72,1,2,'搬家','搬家 → 骏景雅苑','热评墙',0,0,'2019-08-08 00:00:00'),(73,1,2,'微信公众号','大哥、喝冰阔乐i','热评墙',0,0,'2019-08-08 00:00:00'),(74,1,2,'有所意义','梦想还是要有的 虽然没什么用 但毕竟不占地方 有所得意义 无所谓方向 带着你和梦想 逃之夭夭 然后爱上你那不可一世的模样.','热评墙',0,0,'2019-08-08 00:00:00'),(75,1,2,'苦尽甘来','你眼里有春有秋 \n胜过我见过爱过的山川河流\n希望我们都是苦尽甘来的人\n但愿殊途同归 你能与我讲讲来时的路.  ','热评墙',0,0,'2019-08-08 00:00:00'),(76,1,2,'单身狗清香','恋爱的酸臭味，只有我散发着单身狗的','热评墙',0,0,'2019-08-08 00:00:00'),(77,1,4,'了不起','你在漂亮，我也是你得不到的男人。我起码还能看看你，你连看我的机会都没有，这就是差距。','热评墙',0,0,'2019-08-08 00:00:00'),(78,1,2,'不论现在还是将来','不论现在还是将来，都希望你能被好好对待。遇见的困难或问题总能解决，喜欢的事物不会错过，喜欢的人也恰巧在身边。夏天有凉风相伴，冬天有暖阳照耀。','热评墙',0,0,'2019-08-08 00:00:00'),(79,1,2,'否定','我把这首歌推荐给她，她听都没听，说看歌名，就不好听，这就像你看都不看我，就否定了我的全部','热评墙',0,0,'2019-08-08 00:00:00'),(80,1,2,'未来i','我什么都没有\n但有一个不确定的明天和一个不知道的未来','热评墙',0,0,'2019-08-08 00:00:00'),(81,1,2,'最近流行的一段话','\n最近流行的一段话：“如果我用你待我的方式来待你 恐怕你早已离去”好好体会这句话 适合任何关系  凡事换个角度 假如你是我 你未必有我大度','热评墙',0,0,'2019-08-08 00:00:00'),(82,1,2,'故事的苦与乐','除了你自己没有人明白你的故事里有过多少快乐与伤悲，这世上根本就不存在感同身受所以别傻傻的摊开伤口向别人诉苦，这世上多的是撒盐的人而不是医生别把希望寄托在别人身上，终究是要长大如人饮水冷暖自知，陪你最多的人还是你自己，最漆黑的那段路终究要独自一人走完','热评墙',0,0,'2019-08-08 00:00:00'),(83,1,3,'选择','哈利波特里面邓布利多校长和哈利说的一句话:在人世当中，我们面临的大部分的选择并不是，the right way or the wrong way，而是 the right way  or  the easy way 正确的，还是容易的','热评墙',0,0,'2019-08-08 00:00:00'),(84,1,2,'这南墙我是撞了','这南墙我是撞了，丢了的自己是捡不回来了\n我摔得最惨的地方，就是我重新开始的位置\n余生不用你指教了，这是我的感情我自己收拾','热评墙',0,0,'2019-08-08 00:00:00'),(85,1,3,'Author','Author QQ:1402333029','热评墙',0,0,'2019-08-08 00:00:00'),(86,1,2,'我没有进过大学校园','我没有进过大学校园，甚至高中校园也没有踏进过一步，但我也有青春，我的青春流逝在城市里，当你们还在英语课堂上睡觉时，我已经在高楼大厦间穿梭。当你们还在校园的林荫小路上与他（她）肩并肩经过一片片落叶时，我已经在考虑明天的温饱，这就是我的青春，充满了现实、残酷、窒息，但也有着不屈和勇敢\n','热评墙',0,0,'2019-08-08 00:00:00'),(87,1,3,'在做决定之后','在做决定之后，就给自己一个时间期限。这段时间内，把你的纠结和不安都扔掉，把你的半途而废丢在过去，把你的抱怨和难堪都吞在肚子里。在这段时间里，你必须和过去的你告别，打败那个懒惰赖床的你，打败那个行动永远跟不上想法的你。至于时间期限有多长，我想你比谁都清楚这点。','热评墙',0,0,'2019-08-08 00:00:00'),(88,1,2,'俗人','做个俗人，不谈亏欠，不负遇见。做个俗人，没心没肺。没感情。安稳自由，谈笑风生。做个俗人，只沾酒沾烟，不染感情。做个俗人，忘南不归。做个俗人，贪财好色，一身正气。做个俗人，你我无心，永不用心。从此寻花问柳，闭口不谈一生厮守。从此红灯绿酒，再也不掐牵谁的手。从此人海漂流，闭口不谈爱到白头。从此单打独斗，再也不会彻夜泪流。从此放下离愁，生生世世酒敬自由。','热评墙',0,0,'2019-08-08 00:00:00'),(89,1,2,'缘分','无论你生命中遇到谁，他都是你生命中该遇到的人，绝非偶然，他的出现一定会教会你什么，所以我走到哪里都相信这是我该去的地方，做我该做的事，遇到一些我该遇到的人','热评墙',0,0,'2019-08-08 00:00:00'),(90,1,2,'阅读','\n在所阅读的书本中找出可以把自己引到深处的东西，而把其他一切抛掉，就是抛掉使头脑负担过重并会使自己远离要点的一切。有舍才能有得，轻装才能高速前进。','热评墙',0,0,'2019-08-08 00:00:00'),(91,1,2,'如梦之梦','你这一生中的迷，必须要用其他的迷才能解开，就像有的梦必须穿过其他的梦才能醒来，你必须一个一个的走过，才能走出这场连环梦。\n——如梦之梦','如梦之梦',0,0,'2019-08-08 00:00:00'),(92,1,2,'重新开始','你若是找不到坚持下去的理由\n那你就找一个重新开始的理由\n生活本来就这么简单','热评墙',0,0,'2019-08-08 00:00:00'),(93,1,3,'往前走','\"咱们往哪走啊\" \n\"往前走\" \n\"那 哪里是前啊\" \n\"咱们往哪走 都是往前走\" ','热评墙',0,0,'2019-08-08 00:00:00'),(94,1,2,'算了','随着时间的流逝我们终将会原谅那些曾经伤害过我们的人，那不是原谅，而是算了...','热评墙',0,0,'2019-08-08 00:00:00'),(95,1,2,'如果决意去做一件事','如果决意去做一件事了，不要公开宣布个人目标，只管安安静静去做。因为那是你自己的事，别人不知道你的情况，也不可能帮你实现梦想。千万不要因为虚荣心而炫耀。也不要因为别人的一句评价而放弃自己的梦想。其实最好的状态，  是坚持自己的梦想，  听听前辈的建议少错几步。','热评墙',0,0,'2019-08-08 00:00:00'),(96,1,3,'听闻过往','以后你遇到的人都是心里装着别人的人，没有人会用全部来爱你。听闻过往，十忆九悲。听闻过往，十人九伤。','热评墙',0,0,'2019-08-08 00:00:00'),(97,1,3,'人间不值得','人间不值得\n不值得你难过，活的潇洒一点\n','热评墙',0,0,'2019-08-08 00:00:00'),(98,1,4,'皮','你有你的双眼皮\n我有我的单眼皮  不是很单  但是很皮','热评墙',0,0,'2019-08-08 00:00:00'),(99,1,4,'穷','21号的夜晚，一碗泡面，吃了整整58分钟，加了2勺辣酱，搅拌了184下，用叉子卷起面条，送到嘴边还有0.5公分的时候，我突然心里很难过，我总觉得这一刻坐在这里吃面的不应该只是我一个人。','热评墙',0,0,'2019-08-08 00:00:00'),(100,1,2,'民谣','\n有人说民谣很穷，穷到只剩一把吉他\n有人说民谣也很富，它富到四海为家','热评墙',0,0,'2019-08-08 00:00:00'),(101,1,2,'\"夸赞\"','音乐优美，内容充实,主题明确,引人入胜,继续保持,你就是明日之星','爱情公寓',0,0,'2019-08-08 00:00:00'),(102,1,3,'一起努力','\"我喜欢你\" 这句话太轻微\n\"我爱你\" 这句话太沉重\n\"我想跟你一起努力\" 这句话刚刚好','热评墙',0,0,'2019-08-08 00:00:00'),(103,1,2,'音乐','总有一首触动你内心的评论 \n愿音乐在你孤单时能带给你一些安慰','采先生i',0,0,'2019-08-08 00:00:00'),(104,1,4,'炫富','乞丐向我都饭碗的时候\n我都感觉像炫富','热评墙',0,0,'2019-08-08 00:00:00'),(105,1,2,'悲伤逆流成河','悲伤像条大河，它会吞没你\n但也能带你去梦想的远方','《悲伤逆流成河》',0,0,'2019-08-08 00:00:00'),(106,1,2,'理所应当','请不要对我那么好\n要不我会以为你做什么事情都是理所当然的 ','《悲伤逆流成河》',0,0,'2019-08-08 00:00:00'),(107,1,2,'二十分钟','一位母亲用二十年的时间让他长大成人\n而另一个女人只用了二十分钟就让他变回了傻瓜。','《悲伤逆流成河》',0,0,'2019-08-08 00:00:00'),(108,1,4,'皮肤好','别人在熬夜，你却在睡觉，别人已经起床干活了，你还在被窝里，别人熬夜奋斗到凌晨，而你却把事情拖到第二天，所以你皮肤好年轻又漂亮，有精神有活力肢体又好，不是没有原因的','热评墙',0,0,'2019-08-08 00:00:00'),(109,1,4,'穷','上个月我吃什么，狗吃什么\n这个月狗吃什么，我吃什么','热评墙',0,0,'2019-08-08 00:00:00'),(110,1,4,'为什么读书','\n终于知道为什么一读书就困了\n因为读书，是梦开始的地方','热评墙',0,0,'2019-08-08 00:00:00'),(111,1,2,'失去','我以为我失去了，其实我从没得到过。 就连我以为我们一同凝视过的某颗星，也被千万人凝视过','热评墙',0,0,'2019-08-08 00:00:00'),(112,1,2,'艰难的岁月','那些艰难的岁月你是怎么熬过来的？ 有一种强大的精神力量支撑着我，这种力量名字叫“想死又不敢”……\n','热评墙',0,0,'2019-08-08 00:00:00'),(113,1,2,'反思','如果有人伤害了你，不要去感谢那些伤害你的人，他们根本没做什么让你成长，让你成长的是你的反思和坚强','热评墙',0,0,'2019-08-08 00:00:00'),(114,1,2,'多读书','白天要好好读书 书里有你不知道的\n晚上要好好睡觉 梦里会有你想要的','热评墙',0,0,'2019-08-08 00:00:00'),(115,1,2,'另一个我','这世界上一定有另一个我\n做着我不敢做的事，过着我想要的生活。','热评墙',0,0,'2019-08-08 00:00:00'),(116,1,4,'吃饱撑的','要怪就怪袁隆平\n他发明了水稻，看把你们吃饱了撑的','热评墙',0,0,'2019-08-08 00:00:00'),(117,1,4,'深夜小巷','\n又走在昏暗的小巷里，我抽着烟，忽然里面穿出一声骚叫，小帅哥~快来玩啊~老子一下子扔了烟...','热评墙',0,0,'2019-08-08 00:00:00'),(118,1,2,'向来心是看客心','海中月是天上月,眼前人是心上人\n向来心是看客心,奈何人是剧中人','热评墙',0,0,'2019-08-08 00:00:00'),(119,1,2,'你的那个他','希望你遇见一个人 他看你时眼神温柔\n愿意陪你做很多事 说很多话走很多路','热评墙',0,0,'2019-08-08 00:00:00'),(120,1,4,'神灯','我捡到了个神灯，许愿我死前能找到女朋友。\n结果我获得了永生。','热评墙',0,0,'2019-08-08 00:00:00'),(121,1,3,'周幽王','有人问：“心动是什么感觉？””忽然明白了那个叫周幽王的二百五为什么会烽火戏诸侯了。” ','热评墙',0,0,'2019-08-08 00:00:00'),(122,1,2,'王八蛋','即使我内心坚强的像个王八蛋\n但我也希望我失望的时候能有人抱抱我','热评墙',0,0,'2019-08-08 00:00:00'),(123,1,4,'我想上位','明人不说暗话\n我想上你老婆  大哥让个位置吧 ','热评墙',0,0,'2019-08-08 00:00:00'),(124,1,3,'该派个知心的人给我了','该经历的都经历了\n老天是不是该派个知心的人给我了','热评墙',0,0,'2019-08-08 00:00:00'),(125,1,5,'~_~','懂事 识趣 保持理智','采先生i',0,2,'2019-08-08 00:00:00'),(126,1,3,'劫后余生.','劫后余生.','热评墙',0,0,'2019-08-08 00:00:00'),(127,1,3,'所有的痛与苦','只要以后她的合法丈夫是我 现在的苦 我统统接下','热评墙',0,0,'2019-08-08 00:00:00'),(128,1,3,'南柯一梦是你','初见是惊鸿一瞥，南柯一梦是你。','热评墙',0,0,'2019-08-08 00:00:00'),(129,1,3,'翻山越岭','总会有一个人陪我翻山越岭 听我说 我倔强的梦','热评墙',0,0,'2019-08-08 00:00:00'),(130,1,3,'时间改变了很多东西','不得不承认，时间  真的改变了很多东西','热评墙',0,0,'2019-08-08 00:00:00'),(131,1,3,'IPhone XS','IPhone XS','热评墙',0,0,'2019-08-08 00:00:00'),(132,1,3,'未来可期','未来可期 人间值得i','热评墙',0,0,'2019-08-08 00:00:00'),(133,1,3,'意中人','我的意中人是个盖世英雄， 有一天他会踩着七色云彩来娶我，我猜中了前头可我猜 不着这结局。','《大话西游》',0,0,'2019-08-29 20:41:37'),(134,1,3,'三分钟热度','大概只有遇到特别喜欢的人 才能治好我的三分钟热度、没有耐心和喜新厌旧的毛病吧 ','热评墙',0,0,'2019-08-29 20:42:03'),(135,1,3,'像要的都很完美','你为什么要那么努力?因为我喜欢的东西都很贵，我想去的地方都很远，我爱的人超完美','热评墙',0,0,'2019-08-29 20:42:26'),(136,1,3,'黑名单','那些后来躺在黑名单的人，开始也都是踩着七彩云朵而来照亮过整个世界','热评墙',0,0,'2019-08-29 20:43:46'),(137,1,3,'将心比心','最近很流行的一段话：“如果我用你待我的方式来待你 恐怕你早已离去”好好体会这句话 适合任何关系  凡事换个角度 假如你是我 你未必有我大度','热评墙',0,0,'2019-08-29 20:50:26'),(138,1,3,'生活i','生活就是一个接着一个的耳光，把人从梦里打醒','热评墙',0,0,'2019-08-29 20:50:34'),(139,1,3,'万物生长','这里荒芜寸草不生 \n后来你来这走了一遭 \n奇迹般万物生长 这里是我的心','热评墙',0,0,'2019-08-29 20:50:45'),(140,1,4,'你才二十多岁','你才二十多岁，没有遇上喜欢的人很正常,往后你会发现，你基本上是遇不到了，等着相亲吧','热评墙',0,0,'2019-08-29 20:52:35'),(141,1,3,'祝愿','愿你一生努力 一生被爱,想要的都拥有 得不到的能释怀','热评墙',0,0,'2019-08-29 20:52:47'),(142,1,4,'看不到的人','你在漂亮，我也是你得不到的男人。我起码还能透过手机看看你，你连看我的机会都没有，这就是差距。','热评墙',0,0,'2019-08-29 20:53:14'),(143,1,3,'最好的三个词','人生最好的三个词：“久别重逢，失而复得，虚惊一场。”','热评墙',0,0,'2019-08-29 20:53:37'),(144,1,3,'生命','鸡蛋，从外打破是食物，从内打破是生命；人生亦是如此。','热评墙',0,0,'2019-08-29 20:53:49'),(145,1,3,'白夜行','我的天空里没有太阳，总是黑夜，但并不暗，因为有东西代替了太阳。虽然没有太阳那么明亮，但对我来说已经足够。凭借着这份光，我便能把黑夜当成白天。','白夜行',0,0,'2019-08-29 20:53:56'),(146,1,3,'人间失格','人间失格里有这样一句话，日日做着同样的事情，循环着与昨日相同的惯例，若能避开猛烈的狂喜，自然不会有悲痛来袭，我说：照顾好自己','热评墙',0,0,'2019-08-29 20:54:46'),(147,1,3,'总要学着长大','在某个年纪之前 你可以靠透支身体 小聪明和老天给你的运气一直取巧地活着 然而到了某个年纪之后 真正能让你走远的 都是自律 积极和勤奋.','热评墙',0,0,'2019-08-29 20:55:25'),(148,1,3,'潜规则','职场里面有个潜规则，就是你千万不要大声训斥那些刚刚参加工作的下级，因为他们转身就敢离职另谋高就，反之，你可以狂骂那些兢兢业业有家有父母有娃有贷款的中年人，因为他们依旧会像个孙子一样负重前行，多么讽刺。','热评墙',0,0,'2019-08-29 20:55:40'),(149,1,2,'没戏','你知道吗？ 为什么现在的男生撩着撩着就不理你了？ 因为他们是大面积撒网，选择性捕捞 最后...你被放生了 为什么一个男生追着追着你就不理你了 是大面积撒网，你被放生了吗？ 可能...可能是他追你的时候，你一点回应都没有 他心凉了... 假如你当初能给他那么一点点一点点的温柔 你现在可能还是他现在手中的那个小公主，真的','热评墙',0,0,'2019-08-29 20:55:53'),(150,1,4,'吵架','今天我让媳妇看这个视频，她竟然说不搞笑，我当时就跟她吵了起来， 可后来我就想: 我一个大男人，为什么要和一个女人计较，更何况还是自己的媳妇! 我当时就道歉了道完歉， 媳妇也很高兴，她把手里的菜刀放下了，她妹妹抓着我头发的手也松开了， 她哥手里的砖头放下了，她弟弟手里的铁楸也放下了，丈母娘手里的擀面杖也扔了， 老丈人拿出手机说道: 棺材还退回去吧。看看，只要多沟通，生活还是蛮和谐的','热评墙',0,0,'2019-08-29 20:56:09'),(151,1,2,'我希望','我希望你过得不好\n家破人亡众叛亲离\n变傻变胖变丑\n这样我才能触碰到你\n我又希望你过得很好\n冷了有人给你准备衣服\n饿了有人给你做好吃的\n生理期有人能搓热双手给你焐肚子\n把你宠的像个孩子一样\n你还是过得好点吧\n别来找我了','热评墙',0,0,'2019-08-29 20:56:23'),(152,1,2,'分享','音乐这种东西最好不要强行分享给别人，每个人听歌时候状态不同，如果你强行塞给他很好的歌，其实还不如他在商场偶然听到这首歌有冲击感。如果你要强行给他听，他也永远觉得也就那样，一辈子也听不进去了。所以音乐这样的东西还是自己看的重就好了。','热评墙',0,0,'2019-08-29 20:56:35'),(153,1,4,'没有对比 就没有伤害','父母说早恋会荒废学业爸妈我对不起你们 我考不过那些早恋的','热评墙',0,0,'2019-08-29 20:56:47'),(154,1,4,'丘比特','我严重怀疑丘比特是不是把我的箭拿去烤串了','采先生i',0,0,'2019-08-29 20:56:56'),(155,1,4,'爱理不理','今天的我你爱理不理,明天的我还会去找你','热评墙',0,0,'2019-08-29 20:57:07'),(156,1,4,'深夜小巷','那天我在派出所是这么跟警察叔叔说的：夜已深，天微凉。路过小巷见几女，衣甚薄，风中瑟瑟抖。心起，欲施二三百。岂料女甚感恩硬拽屋中，更怜爱。遂生情，云雨三刻，觉不爱。施之分手费二百。何错之有？','热评墙',0,0,'2019-08-29 20:57:14'),(157,1,4,'我累了','打电话不接，信息不回，竟然在这里给人评论，分手吧，我真的累了','热评墙',0,0,'2019-08-29 20:57:22'),(158,1,3,'愿你','愿你三冬暖，愿你春不寒；愿你天黑有灯，下雨有伞','热评墙',0,0,'2019-08-29 20:57:43'),(159,1,2,'思想','男生更看重女生的身材、脸蛋，还是思想？\n脸蛋和身材决定了我是否想去了解她的思想。思想决定了我是否会一票否决掉她的脸蛋和身材。','热评墙',0,0,'2019-08-29 20:57:56'),(160,1,2,'~_~','富强民主文明和谐 \n自由平等公正法治 \n爱国敬业诚信友善 ','热评墙',0,0,'2019-08-29 20:58:10'),(161,1,4,'单身狗','看了蜘蛛侠，主角被蜘蛛咬了变成蜘蛛侠,我一直以为只是在电影发生。后来我被一只狗咬了，至今单身十几年,我信了。','热评墙',0,0,'2019-08-29 20:58:19'),(162,1,2,'初始化','曾经语文老师教了我们一句英文:I like you,but just like you.刚想说这个句子不错,正想把它摘抄到笔记本上时,老师告诉我们它的翻译：纵然万劫不复,纵然相思入骨,我也待你眉眼如初,岁月如故.','热评墙',0,0,'2019-08-29 20:58:34'),(163,1,3,'长大i','人会长大三次。第一次是在发现自己不是世界中心的时候。第二次是在发现即使再怎么努力，终究还是有些事令人无能为力的时候。第三次是在，明知道有些事可能会无能为力，但还是会尽力争取的时候。','热评墙',0,0,'2019-08-29 20:58:50'),(164,1,3,'小子 学着点','生活从来不会招招手说，“小子过来我们讲讲道理”，生活只会一个大嘴巴子把你打在地上后说，“傻逼，学着点”','热评墙',0,0,'2019-08-29 20:59:00'),(165,1,2,'陪伴','最近听到一句话；朋友或是恋人，能走过三个月的已是不容易，能坚持六个月的值得珍惜，能相守一年的堪称奇迹，能熬过两年的才叫知己，超过三年的值得记忆，五年后还在的应该请进生命，十年后仍然在的那就不是朋友了，已经是亲人 是生命的一部分。在这个善变的时代，且行且珍惜，感谢和我相处不离不弃的人。','热评墙',0,0,'2019-08-29 20:59:11'),(166,1,2,'很厉害的人','我想成为一个很厉害的人，因为有了我，让这个世界，而有一点点的不一样；而我的世界，不过就是你的心。','《那些年》',0,0,'2019-08-29 20:59:33'),(167,1,2,'民谣','民谣有三：爱情，理想，远方\n听者有三：孤独，平庸，落魄 ','《城门开》',0,0,'2019-08-29 20:59:52'),(168,1,2,'故里 长安','“知道我喜欢哪个情侣名吗”\n“哪个？” \n“长安，与，故里” \n“为何”\n“因为长安归故里，故里有长安” ','《杨花落尽子规啼》 ​',0,0,'2019-08-29 21:00:09'),(169,1,2,'波澜','我们曾如此渴望命运的波澜，到最后才发现：人生最曼妙的风景，竟是内心的淡定与从容；我们曾如此期盼外界的认可，到最后才知道：世界是自己的，与他人毫无关系。','网易云热评 ​',0,0,'2019-08-29 21:00:24'),(170,1,4,'天才','我就觉得我自己是个天才万中无一绝无仅有独一无二空前绝后人世间再难有','网易云热评 ​',0,0,'2019-08-29 21:00:36'),(171,1,2,'满目星河i','总有一天，你会遇到一个满眼都是你的人。他会对你好，忍让你，了解你，对你没有保留，会给你百分百的安全感(ღ˘⌣˘ღ)。别问我怎么敢说，因为这是上帝欠你的','网易云热评 ​',0,0,'2019-08-29 21:00:46'),(172,1,2,'孝道','我觉得在我这个年纪的孝道，就是让我爸妈觉得他们自己还有用，他们还帮得到我。','李诞 ​',0,0,'2019-08-29 21:01:01'),(173,1,3,'今天更博学了吗','我也每天问自己这个问题，今天更博学了吗？没有，但是没有关系，安稳地睡去。','采先生i',0,0,'2019-08-29 21:01:10'),(174,1,2,'淘汰','你可以不服，也可以委屈，但你被淘汰了。','马东 ​',0,0,'2019-08-29 21:01:21'),(175,1,2,'一个','也许你现在仍然是一个人下班，一个人乘地铁，一个人上楼，一个人吃饭，一个人睡觉，一个人发呆。然而你却能一个人下班，一个人乘地铁，一个人上楼，一个人吃饭，一个人睡觉，一个人发呆。很多人离开另外一个人，就没有自己。而你却一个人，度过了所有。你的孤独，虽败犹荣。','《一个》',0,0,'2019-08-29 21:01:57'),(176,1,2,'小鹿不乱撞了','曾经小鹿也乱撞过 \n后来小鹿长大了 \n走路贼稳 ','《一个女人和浴室》 ​',0,0,'2019-08-29 21:02:12'),(177,1,2,'反省','真正的安稳是历经世事后的淡薄，你还没有见过世界，就想隐退山林，到头来只会是井底之蛙。','热评墙',0,0,'2019-08-29 21:02:24'),(178,1,3,'还能怎么办','很心酸吧那么喜欢的人却没办法拥有。','热评墙',0,0,'2019-08-29 21:02:35'),(179,1,3,'十字开头的年纪','在十字开头的年纪遇到了最想托付一生的人，承诺这种东西只有听的人记得。','热评墙',0,0,'2019-08-29 21:02:56'),(180,1,2,'毫不在乎的人','那个看起来毫不在乎你的人，在聊天窗口里写满了要对你说的话，可是却一直没按发送键。\n那个决绝果断拖你进黑名单的人，在别的地方悄悄地关注着你的喜怒哀乐。\n那些你以为与你毫无瓜葛的人，在那么多个容易脆弱的夜里，确实忍住了一万次想要联系你的冲动。\n多的是，你不知道的事。','热评墙',0,0,'2019-08-29 21:03:47'),(181,1,3,'《寄生虫》','不是\"有钱却很善良\"，是\"有钱所以善良\"，懂吗？如果我有这些钱的话，我也会很善良，超级善良。','热评墙',0,0,'2019-08-29 21:04:53'),(182,1,3,'《寄生虫》','有钱人家的小孩连衣服都没有褶皱，钱就是熨斗，把一切都烫平了，所有褶皱都被烫得平平的。','热评墙',0,0,'2019-08-29 21:05:01'),(183,1,3,'《寄生虫》评价','1%的上流阶层，掌控着90%的财富和权力。从喜剧到悲剧，不过一场大雨。\n没有人特别邪恶，却最终彼此伤害。\n令人玩味的是，看过电影的几乎都将自己代入穷人一家，无论是真的“底层”还是部分社会精英。','热评墙',0,0,'2019-08-29 21:06:32'),(184,1,4,'进度条','女：为啥你追我追到一半不追了？\n我：我又没有进度条！！！！\n女：。。。','热评墙',0,0,'2019-08-29 21:06:48'),(185,1,2,'男孩子彻底喜欢上你的时候','这就是 一个男生彻底喜欢上你的时候\n喜欢你的人 从不需要你主动找话题。 \n爱你的男生在你面前 \n才会偶尔像个孩子 \n偶尔像个父亲 \n偶尔像个流氓 \n如果我喜欢你 我会主动往你的方向走几步再走几步。 \n最想说晚安 和最不想说晚安的都是你。 \n你困了就先睡 \n没困我陪你。 \n双方都在低头忙自己的事 \n一抬头发现他正温柔的看着你的时候。 \n别人叫你名字的时候 \n他先回头。 \n身体还没靠近 \n笑容就藏不住了。 \n世界就像巨大的夹娃娃机 \n我隔着玻璃 只想要你。 \n娶你这件事 我随时待命。 \n你在我心里的位置 \n连我自己都羡慕。 \n青梅枯萎 竹马老去 \n从此我爱上的人都像你。 \n承蒙你出现 够我喜欢好多年。 \n没事啊 你还有我 我养你。','热评墙',0,0,'2019-08-29 21:07:26'),(186,1,3,' ·͜· ​​​','I hope you happy every day  ·͜· ​​​','采先生i',0,0,'2019-08-29 21:08:36'),(187,1,3,'星河滚烫','星河滚烫，你是人间理想​​​','热评墙',0,0,'2019-08-29 21:08:49'),(188,1,3,'万千世界','万千世界 在难遇见我​​​','热评墙',0,0,'2019-08-29 21:08:56'),(189,1,3,'在意','你在意什么，什么就会折磨你。​​​','热评墙',0,0,'2019-08-29 21:09:03'),(190,1,3,'反思','不是给自己的钱包做减法\n而是给自己的体验和技能做加法​​​','热评墙',0,0,'2019-08-29 21:09:14'),(191,1,3,'人物长进','身无饥寒，父母未曾亏我。\n人无长进，我何以对父母!','心灵触动',0,0,'2019-08-29 21:09:21'),(192,1,3,'借钱','儿子 你先给我微信转二百块钱 工地拖欠工资了 等发了工资就还你……','心灵触动',0,0,'2019-08-29 21:09:38'),(193,1,3,'绿色','绿色清新你的生活','热评墙',0,0,'2019-08-29 21:10:01'),(194,1,3,'暴瘦暴富不爆炸','暴瘦暴富不爆炸  脱单脱贫不脱发','热评墙',0,0,'2019-08-29 21:10:10'),(195,1,3,'劫后余生','劫后余生','热评墙',0,0,'2019-08-29 21:10:19'),(196,1,3,'完美自杀方法','教给各位一个完美的自杀方法:  \r\n1.洗一个热水澡  \n2.泡一杯热牛奶，加点蜂蜜3.把空调开到舒适的温度4.喝下牛奶，躺到床上  \n5.等你睁开眼看见太阳升起就是你已经死了并轮回啦，用新身份新心情去重新活吧  \n嘘一一只是孟婆搞错，不小心让你的下一世和上一世有点像而已。 \n行了，加油没什么事是过不去的。  ','采先生i',0,0,'2019-08-29 21:11:43'),(197,1,4,'音乐','真搞不懂这种音乐，动次打次的，让人都睡不好觉，下次有这种音乐早点告诉我，我不喜欢睡觉','热评墙',0,0,'2019-08-29 21:12:06'),(198,1,4,'“灵魂六问”','配钥匙师傅：你配吗?\n算命先生：你算什么东西?\n食堂阿姨：你要饭吗?\n快递小哥：你是什么东西?\n上海垃圾分拣阿姨：你是什么垃\n圾?\n最有文化的还是滴滴司机：你搞清\n楚自己的定位没有?','热评墙',0,0,'2019-08-29 21:12:25'),(199,1,4,'初始化','今天早上看到一对高中生在街上手牵手，不禁想起了高中时代的自己，当年的我，也是这样看着一对一对的高中生在街上手牵手..','热评墙',0,0,'2019-08-29 21:12:57'),(200,1,4,'我就是看不起你','酒桌上，经常有些不知天高地厚的人对我说：“大哥，这杯酒你要是不喝，你就是看不起我！” 这时我通常都会把酒喝掉，然后对他说：“我喝掉了，但我还是看不起你。”','热评墙',0,0,'2019-08-29 21:13:18'),(201,1,4,'插我队?','正在食堂打饭，一妹纸很没礼貌的插到我前面，我凑过去说：美女，有男朋友吗？ 妹纸说：没有，怎么了？ 我上去就一大嘴巴说：没男朋友还敢来我这插队。。。”','热评墙',0,0,'2019-08-29 21:13:28'),(202,1,3,'信仰','其实，在我认为，只要脸皮厚就可以克服自卑，我可以穿着大裤衩子大拖鞋兜里几块钱样去4S店看宾利，逛爱马仕  顶级仕、古奇、LV，每当店员过来给我介绍我就说买不起，就随看看。不过这些牌子的店员态度就是好，一直跟在屁股后面说，没关系的先生，喜欢的就可以试试。跟白富美一样该聊的聊，该说的说，反正我也没有打算追你，也不怕你笑话，就是坦诚相待呗，顶多你烦我说我脸皮厚，这对我也没影响。\n哈哈，其实人一旦脸皮厚，坦诚之后，更容易博的好感。还有就是自卑是你心里因素作祟，为什么自卑，父母生下你来不是让你自卑的，哪怕你一辈子碌碌无为， 也要光明磊落活，在这个世上，但行好事，莫问前程。真有背景有实力的也不会瞧不起你，说句不好听的，他们也没功夫瞧不起你，笑话你的人其实他们心里也是自卑的。','热评墙',0,0,'2019-08-29 21:14:08'),(203,1,2,'《有太多人》','见过斯斯文文的女生在外面偷人的\r\n也见过抽烟喝酒的姑娘坚守爱情的\r\n见过打着领带穿着西装对爸妈破口大骂的\r\n也见过一身刺青耐心伺候家里老人的\r\n文明不是看学历 素质也不是看衣着\r\n衣冠楚楚的人做着人面兽心的事有很多\r\n人品和骨子里的善良是伪装不了的\r\n','热评墙',0,0,'2019-08-30 08:14:53'),(204,1,2,'《可乐》','成年人好惨哦\r\n连崩溃都要选时间看场合\r\n明明指头碰一碰就碎了\r\n却还是要等回到家避开所有人\r\n关上门的那一刻才化成灰','热评墙',0,0,'2019-08-30 08:15:21'),(205,1,2,'《芒种》','\"奶奶，我谈恋爱了\"​\r\n\"那太好了，哪天叫来家吃饭吧\"\r\n\"可是，她也是女孩子\"\r\n\"女孩子也要吃饭的呀\"','热评墙',0,0,'2019-08-30 08:16:05'),(206,1,4,'~_~','你的脑袋超可爱 顶着一颗猪脑袋','采先生i',0,0,'2019-08-31 11:00:08'),(207,3,3,'怦然心动','有的人浅薄，有人的金玉在外，败絮其中。有一天你会遇到一个彩虹般绚烂的人，当你遇到这个人之后，你会觉得其他人都只是浮云而已！','柏柏丶',0,0,'2019-08-31 00:00:00'),(208,3,3,'千与千寻','有些事情经历了，就不会忘记，只是暂时没有想起来罢了。','柏柏丶',0,0,'2019-08-31 00:00:00'),(209,3,3,'摔跤吧！爸爸','这个世界充满假象，唯有痛苦从不说谎。','柏柏丶',0,0,'2019-08-31 00:00:00'),(210,3,3,'摔跤吧！爸爸','如果你获得了银牌，你总会被遗忘；如果你获得了金牌，你会成为典范。','柏柏丶',0,0,'2019-08-31 00:00:00'),(211,3,3,'一代宗师','我昨天遇到一个人，感觉他非常有意思，印象深刻。但后来就再也碰不上了，人生就是这样。','柏柏丶',0,0,'2019-08-31 00:00:00'),(212,3,3,'闻香识女人','你从没想过翩然离去\r\n心里又渴望留下。','柏柏丶',0,0,'2019-08-31 00:00:00'),(213,3,3,'天堂电影院','如果你不出去走走，你会以为这就是全世界。','柏柏丶',0,0,'2019-08-31 00:00:00'),(214,3,3,'内心引力','当你知道生命是无法永生的时候，你就再也不能去过那种庸庸碌碌的日子了。','柏柏丶',0,0,'2019-08-31 00:00:00'),(215,3,3,'大鱼海棠','兜兜转转 原来得不到的 还是得不到','柏柏丶',0,0,'2019-08-31 00:00:00'),(216,3,3,'楚门的世界','假如再也见不到你，就祝你早安，午安，晚安！','柏柏丶',0,0,'2019-08-31 00:00:00'),(217,3,3,'东邪西毒','当你翻过一片沙漠\r\n才发现\r\n那只不过是另一片沙漠\r\n\r\n\r\n我事先告诉你\r\n即使你相信\r\n却怎么都想去那一边看看','柏柏丶',0,0,'2019-08-31 00:00:00'),(218,3,3,'城南旧事','如果你没有如期归来，这就是离别的意义。','柏柏丶',0,0,'2019-08-31 00:00:00'),(219,3,3,'海上钢琴师','我们笑着说再见\r\n却深知再见遥遥无期','柏柏丶',0,0,'2019-08-31 00:00:00'),(220,3,3,'少年派的奇幻漂流','人生就是不断地放下，然而痛心的是，我还没来得及与你们好好道别。','柏柏丶',0,0,'2019-08-31 00:00:00'),(221,3,3,'少年派的奇幻漂流','这里必须说说恐惧，它是生活唯一真正的对手，因为只有恐惧才能打败生活。','柏柏丶',0,0,'2019-08-31 00:00:00'),(222,3,3,'活着','最初我们来到这个世界，是因为不得不来；最终我们离开这个世界，是因为不得不走。','柏柏丶',0,0,'2019-08-31 00:00:00'),(223,3,3,'泰坦尼克号','我甚至连他的一张照片都没有，他只活在我的记忆里。','柏柏丶',0,0,'2019-08-31 00:00:00'),(224,3,3,'肖申克的救赎','生命可以归结为一种简单的选择：要么忙于生存，要么赶着去死','柏柏丶',0,0,'2019-08-31 00:00:00'),(225,3,3,'肖申克的救赎','这些墙很有趣。刚入狱的时候，你痛恨周围的高墙；慢慢地，你习惯了生活在其中；最终你会发现自己不得不依靠它而生存。这叫体制化。','柏柏丶',0,0,'2019-08-31 00:00:00'),(226,3,3,'绿皮书','这世上有各种各样的人，恰巧我们成为了朋友，这不是缘分，只仅仅是因为我们本就应该是朋友。','柏柏丶',0,0,'2019-08-31 00:00:00'),(227,3,3,'绿皮书','世界上孤独的人都害怕迈出第一步','柏柏丶',0,0,'2019-08-31 00:00:00'),(228,3,3,'这个杀手不太冷','我所认为最深处的爱，莫过于分开以后，我将自己活成了你的样子。','柏柏丶',0,0,'2019-08-31 00:00:00'),(229,3,3,'无问西东','愿你被打击时 记起你的珍贵 抵抗恶意\r\n愿你迷茫时 坚信你的珍贵\r\n爱你所爱 信你所行 听从你心 无问西东','柏柏丶',0,0,'2019-08-31 00:00:00'),(230,3,3,'阿甘正传','“你以后想成为什么样的人？”\r\n\r\n“什么意思，难道我以后就不能成为我自己了吗？”','柏柏丶',0,0,'2019-08-31 00:00:00'),(231,3,3,'怦然心动','有人在高楼，有人在深沟。\r\n有人光万丈，有人一身锈。\r\n诗人万千种，浮云莫去求。\r\n斯人若彩虹，遇上方知有。','柏柏丶',0,0,'2019-08-31 00:00:00'),(232,3,3,'罗马假日','请抬起你的头，我的公主，不然皇冠会掉下来的','柏柏丶',0,0,'2019-08-31 00:00:00'),(233,3,3,'罗马假日','我现在必须要离开你了。我会走到那个拐角，然后拐弯。你就留在车里把车开走。答应我，别看我拐弯。你把车开走。离开我。就如同我离开你一样。','柏柏丶',0,0,'2019-08-31 00:00:00'),(234,3,3,'美人鱼','只有越来越强大，才能越来越童话','柏柏丶',0,0,'2019-08-31 00:00:00'),(235,3,3,'杀死一只知更鸟','去掉那些形容词剩下的就是真实了','柏柏丶',0,0,'2019-08-31 00:00:00'),(236,3,3,'寻梦环游记','真正的死亡是世界上再也没有一个人记得你\r\n\r\n死亡不是真的逝去，遗忘才永恒的消亡','柏柏丶',0,0,'2019-08-31 00:00:00'),(237,3,3,'熔炉','我们一路奋战，不是为了改变世界，\r\n而是为了不让世界改变我们。','柏柏丶',0,0,'2019-08-31 00:00:00'),(238,3,3,'夏天的太阳','人间一趟，看看太阳','柏柏丶',0,0,'2019-08-31 00:00:00'),(239,3,3,'凭什么','你会等一个人很久吗？不会\r\n为什么？凭什么？','柏柏丶',0,0,'2019-08-31 00:00:00'),(240,1,4,'小芳，今天这么早就回来了啊?','听完这首歌。我拿出我爸的烟，正好家里没人，我睡在沙发上学着我爸的样子，指着烟雾缭绕,衬托出我是个沧桑的男人，美好的画面在我妈下班回来的那一刻定格了。当我们俩四目相对，她望远着我，我并没有慌，而是眯着眼对我妈说:小芳，今天这么早就回来了啊?那一天，是我人生第一次住院。','热评墙',0,0,'2019-08-31 17:15:48'),(241,1,4,'我还以为耳机坏了呢','昨天我在火车.上插着耳机睡着了，一早 起来突然右耳什么也听不见了，下了火车赶紧去医院检查，虚惊一场，吓死我了，原来是耳膜破了，我还以为耳机坏了呢','热评墙',0,0,'2019-08-31 17:16:10'),(242,1,4,'我还以为耳机坏了呢','考试让我发现我简直无所不能\n创造语言\n篡改历史\n颠覆政治\n控制地球\n违背物理\n改变细胞','热评墙',0,0,'2019-08-31 17:16:29'),(243,1,4,'我还以为耳机坏了呢','刚才我去ATM取钱，前面有一 对夫妻在取钱。妻子对丈夫说:“我要输密码了，你走开”，丈夫退到一边去了。我暗想，这女人好强势啊，说明这家是女人管账啊!只听到滴滴滴三声过后，妻子转身对丈夫说:“好了，我输完了，该你输后三位\n了”!  哎呦，我去，开眼了，这是顶层设计格局下的互相制约互相监督!后来的情况是:丈夫先按了3次退格键，然后输入了6位密码*****我整个人都呆了，道高-尺魔高一丈!','热评墙',0,0,'2019-08-31 17:16:40'),(244,1,4,'没想到她醒了..','朋友和媳妇吵架了，想买条项链，给她个惊喜求她原谅，但是他又不知道媳妇戴多大的，于是就半夜起来用绳子量一下，没想到她醒了.. ','热评墙',1,0,'2019-08-31 17:17:06'),(245,1,4,'自己买去','拿杯奶茶过安检，安检员:\"手里拿的是什么\"。  我:\"奶茶\"。  安检员:\"喝一口\"。  我:\"自己买去\"','热评墙',0,0,'2019-08-31 17:18:01'),(246,1,4,'一年的绿钻？？？','你抢我女朋友就算了，还给我开一年绿钻什么意思','热评墙',0,0,'2019-08-31 17:18:25'),(247,1,4,'高手 这是高手','少年强则少女扶墙  少女强则少年平躺','热评墙',0,0,'2019-08-31 17:18:47'),(248,1,4,'老海底捞服务','刚去吃海底捞，排队期间，对面马路有人吵架打起来，于是我就站在门口看了起来，接着有服务员给我搬了把凳子，，然后还端了点心过来，然后跟我说，他们已经派人过去打听打架的缘由了。让我稍等片刻。','热评墙',0,0,'2019-08-31 17:19:04'),(249,1,4,'忘得一干二净','不得感叹网络真的越来越发达了，想当年学习的时候还需要翻阅很多的书籍才能找到想要的资料，现在随便掏出手机出来上上网，就能把学习的事情忘得一干二净了。','热评墙',0,0,'2019-08-31 17:19:35'),(250,1,4,'我想要条龙','我：\"我想要条龙。\" \n圣诞老人：\"你他妈现实点。\" \n我：\"我想要个女朋友。\" \n圣诞老人：\"你要什么颜色的龙\" ','热评墙',0,0,'2019-08-31 17:20:14');

/*Table structure for table `ana_type` */

DROP TABLE IF EXISTS `ana_type`;

CREATE TABLE `ana_type` (
  `id` int(20) NOT NULL AUTO_INCREMENT,
  `ana_type_name` varchar(20) DEFAULT NULL,
  `create_date` datetime DEFAULT NULL,
  PRIMARY KEY (`id`)
) ENGINE=InnoDB AUTO_INCREMENT=8 DEFAULT CHARSET=utf8;

/*Data for the table `ana_type` */

insert  into `ana_type`(`id`,`ana_type_name`,`create_date`) values (1,'首页','2019-08-08 00:00:00'),(2,'热评','2019-08-08 00:00:00'),(3,'短句','2019-08-08 00:00:00'),(4,'段子','2019-08-08 00:00:00'),(5,'关于','2019-08-08 00:00:00');

/*Table structure for table `collect` */

DROP TABLE IF EXISTS `collect`;

CREATE TABLE `collect` (
  `id` int(20) NOT NULL AUTO_INCREMENT,
  `user_id` int(20) DEFAULT NULL,
  `ana_id` int(20) DEFAULT NULL,
  `create_date` datetime DEFAULT NULL,
  PRIMARY KEY (`id`)
) ENGINE=MyISAM DEFAULT CHARSET=utf8;

/*Data for the table `collect` */

/*Table structure for table `comment` */

DROP TABLE IF EXISTS `comment`;

CREATE TABLE `comment` (
  `id` int(20) NOT NULL AUTO_INCREMENT,
  `user_id` int(20) DEFAULT NULL,
  `ana_id` int(20) DEFAULT NULL,
  `comment_content` text,
  `create_date` datetime DEFAULT NULL,
  PRIMARY KEY (`id`)
) ENGINE=InnoDB AUTO_INCREMENT=3 DEFAULT CHARSET=utf8;

/*Data for the table `comment` */

insert  into `comment`(`id`,`user_id`,`ana_id`,`comment_content`,`create_date`) values (1,1,225,'教给各位一个完美的自杀方法:  \n1.洗一个热水澡  \n2.泡一杯热牛奶，加点蜂蜜3.把空调开到舒适的温度4.喝下牛奶，躺到床上  \n5.等你睁开眼看见太阳升起就是你已经死了并轮回啦，用新身份新心情去重新活吧  \n嘘一一只是孟婆搞错，不小心让你的下一世和上一世有点像而已。 \n行了，加油没什么事是过不去的。','2019-08-31 17:06:09'),(2,1,244,'兄弟 走好~','2019-08-31 17:22:44');

/*Table structure for table `login_log` */

DROP TABLE IF EXISTS `login_log`;

CREATE TABLE `login_log` (
  `id` int(20) NOT NULL AUTO_INCREMENT,
  `user_id` int(20) DEFAULT NULL,
  `user_name` varchar(50) DEFAULT NULL,
  `login_ip` varchar(50) DEFAULT NULL,
  `login_address` varchar(50) DEFAULT NULL,
  `create_date` datetime DEFAULT NULL,
  PRIMARY KEY (`id`)
) ENGINE=InnoDB DEFAULT CHARSET=utf8;

/*Data for the table `login_log` */

/*Table structure for table `prize` */

DROP TABLE IF EXISTS `prize`;

CREATE TABLE `prize` (
  `id` int(20) NOT NULL AUTO_INCREMENT,
  `user_id` int(20) DEFAULT NULL,
  `ana_id` int(20) DEFAULT NULL,
  `create_date` datetime DEFAULT NULL,
  PRIMARY KEY (`id`)
) ENGINE=InnoDB AUTO_INCREMENT=3 DEFAULT CHARSET=utf8;

/*Data for the table `prize` */

insert  into `prize`(`id`,`user_id`,`ana_id`,`create_date`) values (1,0,125,'2019-08-31 17:11:31'),(2,1,125,'2019-08-31 17:22:41');

/*Table structure for table `user` */

DROP TABLE IF EXISTS `user`;

CREATE TABLE `user` (
  `id` int(20) NOT NULL AUTO_INCREMENT,
  `user_name` varchar(50) DEFAULT NULL,
  `user_password` varchar(50) DEFAULT NULL,
  `user_nick_name` varchar(50) DEFAULT '热评墙',
  `user_mobile` varchar(50) DEFAULT NULL,
  `user_sex` int(1) DEFAULT '1',
  `user_signature` varchar(200) DEFAULT NULL,
  `create_date` datetime DEFAULT NULL,
  `user_disabled` int(1) DEFAULT '0',
  PRIMARY KEY (`id`)
) ENGINE=InnoDB AUTO_INCREMENT=4 DEFAULT CHARSET=utf8;

/*Data for the table `user` */

insert  into `user`(`id`,`user_name`,`user_password`,`user_nick_name`,`user_mobile`,`user_sex`,`user_signature`,`create_date`,`user_disabled`) values (1,'18848848551','E10ADC3949BA59ABBE56E057F20F883E','采先生i','18848848551',1,'这个世界不缺少浮躁的人.','2018-08-08 00:00:00',0),(2,'16621701951','E10ADC3949BA59ABBE56E057F20F883E','Mr丶Cps','18848848551',1,'未来i','2018-08-08 00:00:00',0),(3,'13353688773','F61A67B6F93F92312C743ABF60C66285','柏柏丶','13353688773',1,'慢下来','2019-08-31 11:12:36',0);

/*Table structure for table `visit` */

DROP TABLE IF EXISTS `visit`;

CREATE TABLE `visit` (
  `id` int(20) NOT NULL AUTO_INCREMENT,
  `visit_ip` varchar(50) DEFAULT NULL,
  `visit_address` varchar(100) DEFAULT NULL,
  `visit_device` varchar(100) DEFAULT NULL,
  `create_date` datetime DEFAULT NULL,
  PRIMARY KEY (`id`)
) ENGINE=MyISAM AUTO_INCREMENT=95 DEFAULT CHARSET=utf8;

/*Data for the table `visit` */

insert  into `visit`(`id`,`visit_ip`,`visit_address`,`visit_device`,`create_date`) values (1,'115.60.6.63','中国 河南 郑州','Windows NT','2019-08-22 09:00:21'),(2,'61.129.6.251','中国 上海 上海','未知','2019-08-22 09:00:36'),(3,'115.60.6.63','中国 河南 郑州','Android','2019-08-22 09:01:46'),(4,'14.215.176.19','中国 广东 广州','Windows NT','2019-08-22 09:01:46'),(5,'117.136.104.253','中国 河南 郑州','Android','2019-08-22 09:02:00'),(6,'116.231.1.67','中国 上海 上海','iPhone','2019-08-22 09:02:31'),(7,'116.231.1.67','中国 上海 上海','Windows NT','2019-08-22 16:56:39'),(8,'112.65.0.181','中国 上海 上海','iPhone','2019-08-22 19:32:41'),(9,'192.168.2.2','内网IP','Windows NT','2019-08-23 15:27:12'),(10,'192.168.2.113','内网IP','iPhone','2019-08-23 17:07:36'),(11,'116.231.1.67','XX XX','Windows NT','2019-08-23 18:10:55'),(12,'116.231.1.67','中国 上海 上海','iPhone','2019-08-23 18:11:08'),(13,'116.231.1.67','XX XX','Windows NT','2019-08-23 18:11:19'),(14,'223.104.213.59','XX XX','iPhone','2019-08-23 18:20:16'),(15,'223.104.213.59','XX XX','iPhone','2019-08-23 18:37:48'),(16,'223.104.213.59','XX XX','iPhone','2019-08-23 18:38:29'),(17,'223.104.213.59','中国 上海 上海','iPhone','2019-08-23 18:38:32'),(18,'112.65.0.181','中国 上海 上海','Windows NT','2019-08-23 20:53:57'),(19,'112.65.0.181','中国 上海 上海','iPhone','2019-08-23 20:54:32'),(20,'101.80.198.138','中国 上海 上海','Android','2019-08-23 20:54:41'),(21,'101.80.198.138','中国 上海 上海','Android','2019-08-23 20:55:29'),(22,'101.80.198.138','XX XX','Android','2019-08-23 20:55:35'),(23,'101.80.198.138','XX XX','Android','2019-08-23 20:55:45'),(24,'112.65.0.181','中国 上海 上海','iPhone','2019-08-24 00:01:46'),(25,'192.168.2.2','内网IP','Windows NT','2019-08-24 10:57:22'),(26,'192.168.2.2','内网IP','Windows NT','2019-08-24 11:49:11'),(27,'112.65.0.181','中国 上海 上海','Windows NT','2019-08-24 13:54:47'),(28,'112.65.0.181','中国 上海 上海','Windows NT','2019-08-24 13:54:55'),(29,'192.168.2.2','内网IP','Windows NT','2019-08-25 15:02:08'),(30,'192.168.2.2','内网IP','Windows NT','2019-08-25 15:15:50'),(31,'192.168.2.2','内网IP','Windows NT','2019-08-25 15:15:51'),(32,'192.168.2.2','内网IP','Android','2019-08-25 15:16:03'),(33,'192.168.2.2','内网IP','Windows NT','2019-08-25 15:16:42'),(34,'192.168.2.2','内网IP','Windows NT','2019-08-25 17:08:29'),(35,'192.168.2.2','内网IP','Windows NT','2019-08-25 17:09:02'),(36,'112.64.1.69','中国 上海 上海','Windows NT','2019-08-25 18:00:15'),(37,'101.80.198.138','XX XX','Windows NT','2019-08-25 19:31:36'),(38,'116.231.1.67','中国 上海 上海','Windows NT','2019-08-27 09:10:37'),(39,'101.87.189.169','中国 上海 上海','Windows NT','2019-08-27 20:09:25'),(40,'223.104.212.110','中国 上海 上海','iPhone','2019-08-29 21:15:20'),(41,'223.104.212.110','中国 上海 上海','iPhone','2019-08-29 21:15:54'),(42,'223.104.212.110','XX XX','iPhone','2019-08-29 21:16:19'),(43,'101.91.62.99','XX XX','Windows NT','2019-08-29 21:16:37'),(44,'116.226.1.249','中国 上海 上海','Windows NT','2019-08-30 08:18:21'),(45,'192.168.2.3','内网IP','Windows NT','2019-08-30 08:42:31'),(46,'192.168.2.120','内网IP','iPhone','2019-08-30 09:03:35'),(47,'192.168.2.120','内网IP','iPhone','2019-08-30 09:12:50'),(48,'192.168.2.120','内网IP','iPhone','2019-08-30 09:22:07'),(49,'192.168.2.3','内网IP','Windows NT','2019-08-30 09:33:03'),(50,'192.168.2.3','内网IP','Windows NT','2019-08-30 09:38:22'),(51,'192.168.2.3','内网IP','Windows NT','2019-08-30 09:41:15'),(52,'192.168.2.120','内网IP','iPhone','2019-08-30 11:01:21'),(53,'192.168.2.120','内网IP','iPhone','2019-08-30 11:04:22'),(54,'192.168.2.3','内网IP','Windows NT','2019-08-30 13:16:05'),(55,'192.168.2.3','内网IP','iPhone','2019-08-30 13:35:34'),(56,'192.168.2.3','内网IP','iPhone','2019-08-30 13:35:53'),(57,'192.168.2.3','内网IP','iPhone','2019-08-30 13:43:11'),(58,'192.168.2.110','内网IP','iPhone','2019-08-30 13:55:44'),(59,'116.226.1.249','中国 上海 上海','iPhone','2019-08-30 14:05:25'),(60,'116.226.1.249','XX XX','iPhone','2019-08-30 14:06:08'),(61,'192.168.2.3','内网IP','Windows NT','2019-08-30 14:14:45'),(62,'192.168.2.3','内网IP','iPhone','2019-08-30 14:15:58'),(63,'116.226.1.249','中国 上海 上海','Windows NT','2019-08-30 14:24:09'),(64,'116.226.1.249','中国 上海 上海','iPhone','2019-08-30 14:24:46'),(65,'116.226.1.249','中国 上海 上海','iPhone','2019-08-30 14:25:07'),(66,'116.226.1.249','中国 上海 上海','iPhone','2019-08-30 14:25:45'),(67,'116.226.1.249','中国 上海 上海','iPhone','2019-08-30 14:33:49'),(68,'116.226.1.249','中国 上海 上海','iPhone','2019-08-30 14:36:19'),(69,'182.123.153.229','中国 河南 周口','iPhone','2019-08-30 14:37:43'),(70,'116.226.1.249','中国 上海 上海','Windows NT','2019-08-30 14:41:58'),(71,'116.226.1.249','中国 上海 上海','Windows NT','2019-08-30 14:44:06'),(72,'1.192.214.159','中国 河南 郑州','Windows NT','2019-08-30 14:47:37'),(73,'116.226.1.249','中国 上海 上海','Windows NT','2019-08-30 14:51:47'),(74,'116.226.1.249','中国 上海 上海','Windows NT','2019-08-30 14:51:47'),(75,'116.226.1.249','XX XX','Windows NT','2019-08-30 14:52:16'),(76,'116.236.160.190','中国 上海 上海','Windows NT','2019-08-30 15:34:30'),(77,'116.226.1.249','XX XX','Windows NT','2019-08-30 15:37:31'),(78,'114.87.100.80','XX XX','Android','2019-08-30 16:15:08'),(79,'223.104.213.78','中国 上海 上海','iPhone','2019-08-30 18:15:42'),(80,'112.65.0.245','XX XX','iPhone','2019-08-30 19:05:35'),(81,'223.104.213.78','中国 上海 上海','iPhone','2019-08-30 20:22:56'),(82,'223.104.213.78','中国 上海 上海','iPhone','2019-08-30 20:24:39'),(83,'192.168.2.2','内网IP','Windows NT','2019-08-31 08:44:03'),(84,'192.168.2.2','内网IP','iPhone','2019-08-31 09:17:25'),(85,'101.87.189.169','中国 上海 上海','Windows NT','2019-08-31 11:11:19'),(86,'101.87.189.169','中国 上海 上海','Windows NT','2019-08-31 12:00:28'),(87,'101.87.189.169','中国 上海 上海','Windows NT','2019-08-31 12:01:33'),(88,'223.104.212.234','中国 上海 上海','iPhone','2019-08-31 12:18:32'),(89,'192.168.2.2','内网IP','Windows NT','2019-08-31 13:48:55'),(90,'192.168.2.2','内网IP','Windows NT','2019-08-31 15:00:20'),(91,'192.168.2.2','内网IP','Windows NT','2019-08-31 15:15:28'),(92,'192.168.2.2','内网IP','Windows NT','2019-08-31 15:32:30'),(93,'192.168.2.2','内网IP','Windows NT','2019-08-31 15:53:20'),(94,'192.168.2.2','内网IP','Windows NT','2019-08-31 16:32:22');

/*!40101 SET SQL_MODE=@OLD_SQL_MODE */;
/*!40014 SET FOREIGN_KEY_CHECKS=@OLD_FOREIGN_KEY_CHECKS */;
/*!40014 SET UNIQUE_CHECKS=@OLD_UNIQUE_CHECKS */;
/*!40111 SET SQL_NOTES=@OLD_SQL_NOTES */;
