/*
SQLyog Ultimate v8.32 
MySQL - 5.1.73 : Database - cloud_wall
*********************************************************************
*/

/*!40101 SET NAMES utf8 */;

/*!40101 SET SQL_MODE=''*/;

/*!40014 SET @OLD_UNIQUE_CHECKS=@@UNIQUE_CHECKS, UNIQUE_CHECKS=0 */;
/*!40014 SET @OLD_FOREIGN_KEY_CHECKS=@@FOREIGN_KEY_CHECKS, FOREIGN_KEY_CHECKS=0 */;
/*!40101 SET @OLD_SQL_MODE=@@SQL_MODE, SQL_MODE='NO_AUTO_VALUE_ON_ZERO' */;
/*!40111 SET @OLD_SQL_NOTES=@@SQL_NOTES, SQL_NOTES=0 */;
CREATE DATABASE /*!32312 IF NOT EXISTS*/`cloud_wall` /*!40100 DEFAULT CHARACTER SET utf8 */;

USE `cloud_wall`;

/*Table structure for table `ana` */

DROP TABLE IF EXISTS `ana`;

CREATE TABLE `ana` (
  `id` int(20) NOT NULL AUTO_INCREMENT,
  `user_id` int(20) DEFAULT NULL,
  `ana_type_id` int(20) DEFAULT NULL,
  `ana_title` varchar(50) DEFAULT NULL,
  `ana_content` text,
  `ana_from` varchar(50) DEFAULT NULL,
  `comment_num` int(20) DEFAULT NULL,
  `prize_num` int(20) DEFAULT NULL,
  `create_date` datetime DEFAULT NULL,
  PRIMARY KEY (`id`)
) ENGINE=InnoDB AUTO_INCREMENT=330 DEFAULT CHARSET=utf8;

/*Data for the table `ana` */

insert  into `ana`(`id`,`user_id`,`ana_type_id`,`ana_title`,`ana_content`,`ana_from`,`comment_num`,`prize_num`,`create_date`) values (1,1,3,'初始化','你会等一个人很久吗？不会\r\n为什么？凭什么？','匿名',66,89,'2019-08-08 00:00:00'),(3,1,2,'初始化','在一个婚礼上，一个小孩问他妈妈“为什么新娘姐姐在哭啊？”\r\n他妈妈说“可能他觉得很幸福吧又或者时没有嫁给十七岁想嫁给的那个人”','匿名',66,88,'2019-08-08 00:00:00'),(5,1,2,'初始化','有一天我问一个小男孩，爱是什么？小男孩想了一下说：爱就像狗狗舔你的手 。\r\n我听完笑了笑，果然只是个孩子，转身走时，背后小男孩接着说：即使你已经不要它了','匿名',66,88,'2019-08-08 00:00:00'),(6,1,2,'初始化','感情有时候就是 前人栽树后人乘凉的过程\r\n可是我教你学会爱 不是叫你去爱别人的','匿名',66,88,'2019-08-08 00:00:00'),(7,1,2,'初始化','你知道吗？\r\n为什么现在的男生撩着撩着就不理你了？\r\n因为他们是大面积撒网，选择性捕捞\r\n最后...你被放生了\r\n为什么一个男生追着追着你就不理你了\r\n是大面积撒网，你被放生了吗？\r\n可能...可能是他追你的时候，你一点回应都没有\r\n他心凉了...\r\n假如你当初能给他那么一点点一点点的温柔\r\n你现在可能还是他现在手中的那个小公主，真的','匿名',66,88,'2019-08-08 00:00:00'),(8,1,2,'初始化','上天不给我的，无论我十指怎样紧扣，仍然走漏；\r\n给我的，无论过去我怎么失手，都会拥有。','匿名',66,88,'2019-08-08 00:00:00'),(9,1,2,'初始化','在你困难的时候，他给了你十万，我却只拿出一万\r\n你很感激他，在最困难的时候帮你，但你不知道的是，一万是我所有的积蓄，十万对他来说只是一个月的工资','匿名',66,88,'2019-08-08 00:00:00'),(10,1,2,'初始化','楼下听到一个女孩子哭着打电话:“为什么不接我的电话为什么不理我?\"\r\n以为又是个电话查岗女朋友，走过她身边时，听到她带着哭腔说:\r\n“你要说分手你就好好说啊，不要不接电话，别人会担心你的安全知道吗，\r\n你开车又爱走神，我好害怕你出事，分手就分啊你不要吓我.\"感情啊，有多伟大就有多卑微。\r\n','匿名',66,88,'2019-08-08 00:00:00'),(12,1,2,'初始化','家人围着6岁的儿子问他的理想，儿子说他想当医生。\r\n外婆说医生好，社会地位高。奶奶说待遇也不错。爷爷说除了工资还有其他的收入呢！外公说更重要的是以后找对象方便。\r\n爸爸听后，满意地问儿子为什么想当医生。他说：“不是说医生可以治病救人吗？”','匿名',66,88,'2019-08-08 00:00:00'),(13,1,2,'初始化','五年前，我听周杰伦；三年前，我听陈奕迅；\r\n现在我听民谣。以前听歌，听旋律，后来，听歌词，现在，听故事。','匿名',66,88,'2019-08-08 00:00:00'),(14,1,2,'初始化','我想 我们的关系应该是这样的 \r\n如果余生你不主动找我 我这辈子都不会再与你有交集 \r\n但只要你与我说话 我看见了一定秒回 或者你说想见我 \r\n就算是刀山火海也要以最快的速度出现在你的面前 但你不找我 我应该真的不会出现在你的世界里了','匿名',66,88,'2019-08-08 00:00:00'),(15,1,2,'初始化','希望她最后嫁一个像我一样的人  \r\n这样她就会永远记住我了   又害怕  \r\n她最后嫁一个像我一样的人  说如果说像我  为什么不是我呢','匿名',66,88,'2019-08-08 00:00:00'),(16,1,2,'初始化','高二那年班主任对我们说：\r\n其实我并不反对你们谈恋爱，\r\n只是你们记得要找一个有担当的，\r\n那些一看见老师就松开你手的，\r\n要他有什么用？','匿名',66,88,'2019-08-08 00:00:00'),(17,1,3,'初始化','初闻不知曲中意 再听已是曲中人 既然已成曲中人 何必再听曲中曲 \r\n曲终人散梦已醒 何处再寻梦中人 即知曲人存于梦 何故执于曲外人 \r\n不愿再做曲中人 奈何越听越沉沦 曲中曲 人中人 曲散人终离 ','匿名',66,88,'2019-08-08 00:00:00'),(19,1,2,'初始化','给你系鞋带的人，让你吃胖的人，给你弄刘海的人，摸你头的人，\r\n你哭时在一边看着你的人，你打他却不还手的人，你累时给你鼓励的人，\r\n对你傻笑的人，老是一直看你的人，给你唱歌的人，是你应该去珍惜的人。','匿名',66,88,'2019-08-08 00:00:00'),(20,1,2,'初始化','外面大雪纷飞…………我说“出去么？”\r\n你“……”我说“去散步吧？”\r\n你“……”我真的很想和你在大雪纷飞的天空下散步，因为一不小心，我们就白了头。\r\n哈哈哈哈哈哈，骗你的，其实...没有下雪，也没有你','匿名',66,88,'2019-08-08 00:00:00'),(21,1,2,'初始化','现在的男生真的太惨了\r\n不会撩人吧，被说成直男\r\n会撩人吧，又被说成渣男\r\n对女孩子好吧，就成了中央空调\r\n对女孩子不好吧，就被人骂成狗\r\n有呼吸=渣男  没呼吸=死渣男','匿名',66,88,'2019-08-08 00:00:00'),(22,1,2,'初始化','小学课本里，miss是遇见。I miss you\r\n初中课本里，miss是思念。I miss you\r\n高中课本里，miss是错过。I miss you','匿名',66,88,'2019-08-08 00:00:00'),(23,1,2,'初始化','放弃一个很喜欢的人是什么感觉 \r\n就像一把火烧了你住了很久的房子 \r\n你看着那些残骸和土灰的绝望 \r\n你知道那是你家，但你已经回不去了 ​​​','匿名',66,88,'2019-08-08 00:00:00'),(24,1,2,'初始化','难过不是你和别人好\r\n是看到别人那么容易就可以代替我的存在\r\n对我来说没有人可以像你\r\n对你来说每个人都可以是我\r\n','匿名',66,88,'2019-08-08 00:00:00'),(25,1,2,'初始化','我现在就是小可爱，长大就是大可爱，\r\n老了就是老可爱，死了就是可爱死了','匿名',66,88,'2019-08-08 00:00:00'),(26,1,2,'初始化','“算了”这两个字里包含了多少失望与自嘲，别人是不会明白的','匿名',66,88,'2019-08-08 00:00:00'),(27,1,2,'初始化','那些后来躺在黑名单的人，\r\n最开始也都是踩着七彩云朵而来照亮过整个世界。','匿名',66,88,'2019-08-08 00:00:00'),(28,1,2,'初始化','考59分比考0分更难受。\r\n最痛苦的不是不曾拥有，而是差一点就可以.','匿名',66,88,'2019-08-08 00:00:00'),(29,1,2,'初始化','张爱玲曾经说过：忘记一个人只需要两样东西，\r\n时间与新欢。你选择了新欢，我则选择了时间。','匿名',66,88,'2019-08-08 00:00:00'),(30,1,2,'初始化','我建了个小号，资料和你一模一样，想和你说几句话的时候，\r\n我就给小号发几句，然后等小号再回复自己几句','匿名',66,88,'2019-08-08 00:00:00'),(31,1,2,'初始化','我会一直走,走到那个拐角\r\n只要你对我说一声:你爱我。我就会立刻 回头跑向你','匿名',66,88,'2019-08-08 00:00:00'),(32,1,2,'初始化','生活，比漫画残忍一百倍。它在你身边安排了无数喜欢欺负你的胖虎，\r\n无数喜欢嘲笑你的小夫，和一个你难以追上的静香，却从来没想过要送你一只真正的机器猫。','匿名',66,88,'2019-08-08 00:00:00'),(33,1,2,'初始化','以前不离不弃的叫夫妻，现在不离不弃的是手机，一机在手，天长地久。\r\n机不在手，魂都没有。其实古人早已了然，并专门设置了一个成语:机不可失！','匿名',66,88,'2019-08-08 00:00:00'),(34,1,2,'初始化','阿信在演唱会上唱温柔 他说:“你们带电话了吗 拿出来 打给你们喜欢的人 我唱温柔给他听\r\n”全世界都暗了 只剩下全场观众手机屏幕发出的微弱亮光 那些亮光链接着自己和喜欢的人','匿名',66,88,'2019-08-08 00:00:00'),(35,1,2,'初始化','昨天进了他空间，与现任笑颜如花，我默默改了个签名\r\n“你过的好我会心疼我自己，你过的不好我又心疼你，希望你过的好但别让我知道”\r\n访客记录显示他访问9遍，后来再进他空间他对我设了限权，他懂了','匿名',66,88,'2019-08-08 00:00:00'),(36,1,2,'初始化','我有一个室友，挺胖，总是很晚才睡，有一次我随口问他为什么每天这么晚睡。\r\n他笑了笑：因为我打呼噜很大声音，我怕我先睡着了，会吵着你们休息。\r\n突然感觉什么东西一下就击中了心脏，总有好多好多人他们有好多好多的好，只是你永远不知道罢了','匿名',66,88,'2019-08-08 00:00:00'),(37,1,2,'初始化','歪歪歪？你去接别的小朋友回家吧，她比我漂亮比我可爱比我聪明，最重要的是她对你来说比我重要。\r\n你也说她比我还要喜欢你哎。我没关系的，\r\n你不在的这些日子里我长大啦，我能自己回家啦。\r\n虽然很想很想你，很喜欢很喜欢你不管你知不知道，你以前说超级喜欢我的，怎么就突然不喜欢了。','匿名',66,88,'2019-08-08 00:00:00'),(38,1,2,'初始化','毕业后，女生要到美国发展，临行前，\r\n男生给了女生两个盒子：“如果决定离开，就打开第一个盒子;如果决定留下，就打开第二个盒子。\r\n”女生带走两个盒子，最终打开第一个，是一张机票。\r\n飞机上，女生好奇的打开第二个盒子，泪水夺眶，里面是两张机票和一张字条：你若为我留下，我也愿随你去远方。','匿名',66,88,'2019-08-08 00:00:00'),(39,1,2,'小丑的微笑','一次表演，小丑不小心从舞台上摔下来，牙齿被摔掉了很多颗，\r\n满脸是血，很疼，表情很扭曲。全场观众大笑，\r\n因为他得表演真的很精彩，很夸张，道具做的非常好。\r\n只有一个小女孩拉拉她妈妈的衣袖说：“妈妈，小丑哭了。”但没人听见，一个也没有。','匿名',66,88,'2019-08-08 00:00:00'),(40,1,2,'初始化','三年级，我小学成绩最差的时候。老师布置了一个作文，题目叫为妈妈做的早餐。\r\n我实在想不出素材，我想只能亲身实践才有素材，\r\n周六一大早，我偷偷早起，踩着凳子笨拙煮好粥，煎了一个完美的鸡蛋和两根火腿肠。\r\n跑到书房开电脑，找到这首歌（听妈妈的话），我妈一起床刚出房门，我就点下播放按钮。然后她就站在那哭了。。','匿名',66,88,'2019-08-08 00:00:00'),(41,1,2,'初始化','如果成绩不好，我可以努力，刷题听课提高成绩；如果体育不好，我可以跑步深蹲锻炼健身；\r\n如果长得不好看，我可以钻研穿衣搭配化妆修图，几乎所有事，我都能通过自己的努力取得一个好一点的结果。 \r\n但是你不喜欢我，唯独这件事，我连努力的资格都没有。','匿名',66,88,'2019-08-08 00:00:00'),(42,1,2,'初始化','你知道吗，加菲猫里有一段话，有一天，加菲猫走丢了，被卖给了一家宠物店。\r\n他怕乔恩找不到他而着急，他非常痛苦。\r\n一天，乔恩走进了宠物店，看到了加菲猫，欣喜若狂，将他买回家中，结局圆满。\r\n故事的最后那只肥猫背对着落日说了这样一句话“我永远也不会问乔恩，那天他为什么会走进宠物店”。','匿名',66,88,'2019-08-08 00:00:00'),(43,1,2,'初始化','数学老师说过，这个年纪喜欢一个人很正常，但是最好藏在心里不要太高调。\r\n想起她的时候做一道数学题，高考后把写满数学题的本子放在她面前，\r\n她就会知道你有多想她多喜欢她。我尝试了一下........做到第二题的时候发现已经不喜欢她了','匿名',66,88,'2019-08-08 00:00:00'),(44,1,2,'初始化','“爱尔兰结婚不许离婚，但是可以选择年限1到100年，过期不续期就相当于自动离了，\r\n但是时间越短费用越高，1年的登记费折合人民币2万多，100年的只要6元钱。\r\n选择结婚一年的，有一本好厚的关于婚姻的书要看，\r\n而选择100年只一张纸，上面写着一句：祝你白头到老。”','匿名',66,88,'2019-08-08 00:00:00'),(45,1,4,'气喘吁吁','今天下班回家敲门，半天老婆散着头发穿着睡衣开门了，气喘吁吁的叫我买瓶洗发水在回来，\r\n还多给我了100叫我买2包好烟抽，自从钱包被收了后，老婆好久没给过我多余的零花钱了，老婆真好！我开心的去超市了','匿名',66,88,'2019-08-08 00:00:00'),(46,1,2,'初始化','每当有人问起，为什么我不恋爱的时候，我都以麻烦为由搪塞过去。\r\n又有人开始问我到底喜欢过谁没有，我也轻描淡写地表示否定。\r\n无数的朋友告诉我，或许是你还没碰到过真正喜欢的人吧，\r\n我却没法开口告诉他们，其实我曾经碰到过，碰得太早，以至于我没来得及分清，也没来得及弄明白。','匿名',66,88,'2019-08-08 00:00:00'),(47,1,2,'初始化','我总嚷嚷着要找对象，可是从来没有主动过 \r\n我害怕快餐爱情，害怕分开，害怕最后我认真了别人却只是敷衍 所以我等，\r\n等一个到最后还在我身边的人，我坚持或者偏执的相信有一个人会看穿我假装的冷漠，\r\n真正的靠近我留在我身边爱着我也给我一个机会去爱她 如果最后能在一起，那么晚点也没关系。','匿名',66,88,'2019-08-08 00:00:00'),(48,1,2,'初始化','上能九天揽月 下能五洋捉鳖\r\n找一个真心对自己好的人\r\n后来 我们什么都有了 却没有了我们\r\n感情这回事 不负彼此就好 想要不负此生 太难','匿名',66,88,'2019-08-08 00:00:00'),(49,1,2,'初始化','爸爸：儿子你觉得爸爸壮吗？\r\n儿：嗯。\r\n爸爸：你觉得少林功夫厉害吗？\r\n儿子：厉害。\r\n爸爸：如果我剃成光头，练少林功夫好吗？\r\n儿子拍手：太好了。\r\n第二天，儿子看到光头的爸爸，高兴地说：爸爸加油，一定要练成高手。\r\n那天，是爸爸化疗的第一天','匿名',66,88,'2019-08-08 00:00:00'),(50,1,4,'吵架','今天我让媳妇看这个视频，她竟然说不搞笑，我当时就跟她吵了起来，\r\n可后来我就想: 我一个大男人，为什么要和一个女人计较，更何况还是自己的媳妇! 我当时就道歉了道完歉，\r\n媳妇也很高兴，她把手里的菜刀放下了，她妹妹抓着我头发的手也松开了，\r\n她哥手里的砖头放下了，她弟弟手里的铁楸也放下了，丈母娘手里的擀面杖也扔了，\r\n老丈人拿出手机说道: 棺材还退回去吧。看看，只要多沟通，生活还是蛮和谐的','匿名',66,88,'2019-08-08 00:00:00'),(51,1,2,'初始化','海底月是天上月，眼前人是心上人\r\n向来心是看客心，奈何人是剧中人\r\n山有木兮木有枝，心悦君兮君不知','匿名',66,88,'2019-08-08 00:00:00'),(52,1,2,'初始化','总有一支歌，未至年纪，听不透彻。总会一段情，未至麻木，看不清楚。','匿名',66,88,'2019-08-08 00:00:00'),(56,1,2,'初始化','明明我先找到那个孩子的，明明我先认出她的，明明我先爱上她的。但是，为什么最后消失的是我。','匿名',66,88,'2019-08-08 00:00:00'),(57,1,4,'初始化','并不是所有女生都喜欢钱 还有一些善良的女生也喜欢小动物 比如路虎 宝马 捷豹啊 还有天猫','匿名',66,88,'2019-08-08 00:00:00'),(58,1,2,'初始化','我觉得喜欢上一个不可能在一起的人，感觉就像是进一步没有资格，退一步舍不得。反正就是没有身份的过问她的生活，连吃个醋都是名不正言不顺…','匿名',66,88,'2019-08-08 00:00:00'),(59,1,4,'初始化','找男朋友不一定找有钱的 但一定要找自己喜欢的\n那你喜欢什么样的   我喜欢有钱的','匿名',66,88,'2019-08-08 00:00:00'),(60,1,2,'前人栽树 后人乘凉','感情有时候就是\n前人栽树后人乘凉的过程\n可是我教你学会爱  不是叫你去爱别人的','匿名',66,88,'2019-08-08 00:00:00'),(61,1,2,'初始化','当你不确定做一件事情的时候，你可以选择抛硬币，当你想要抛第二次的时候，你已经知道了答案','匿名',66,88,'2019-08-08 00:00:00'),(62,1,2,'初始化','“奶奶，为什么你们那个年代的爱情可以维持60年。”“因为我们那个年代什么东西坏了只想的去修 而你们却总想着换。','匿名',66,88,'2019-08-08 00:00:00'),(63,1,4,'婴儿车','和朋友吃饭时旁边的婴儿一直哭，搞得我很烦。朋友看出了我的烦躁，说大家都不容易，让我尽量换位思考一下就能理解了。现在我坐在了婴儿车里，还是觉得有点烦','匿名',66,88,'2019-08-08 00:00:00'),(64,1,2,'初始化','愿做你生活的旁观者 像安静的水流 并不企图进入你的禁土 希望你生活的地方天足蓝 阳光足够好 街边的小吃店足够好吃又卫生 回家的路灯总是亮着 我并不打算弄懂你的悲喜 就像你也不懂我的一切。\n','匿名',66,88,'2019-08-08 00:00:00'),(65,1,2,'初始化','那天和朋友在美食街酒吧喝酒，街的背后是个大饭店，一条街停满了贴着囍的车，一个穿西装的男人，走进来坐在我们后排，我看见他半笑着扯下胸口的伴郎胸牌，一个人喝了大概三打酒，拿出手机大声的喊着，好像是外省的，听了两边才听懂，我他妈做梦都想娶你啊，手机是黑着的，和眼泪一样没有一点呼吸。','匿名',66,88,'2019-08-08 00:00:00'),(66,1,2,'野心 才华','我很喜欢这段话：当你的才华还撑不起你的野心的时候，你就应该静下心来学习；当你的能力还驾驭不了你的目标时，就应该沉下心来，历练；梦想，不是浮躁，而是沉淀和积累，只有拼出来的美丽，没有等出来的辉煌，机会永远是留给最渴望的那个人，学会与内心深处的你对话，问问自己，想要怎样的人生，静心学习，耐心沉淀。','匿名',66,88,'2019-08-08 00:00:00'),(67,1,2,'初始化','这个社会，最可敬的莫过于那些既不是学霸也不是学渣的人。他们兢兢业业，踏踏实实，即使努力在没有成果，也从没想过放弃，也许他们不够聪明，但他们绝对的努力。更或许你我就是所说的那种人，过着平淡的生活，爱着你爱的人，挺好。','匿名',66,88,'2019-08-08 00:00:00'),(68,1,2,'初始化','高考过后你不用告诉我考了多少分 喜悲之后也不用说志愿填了什么 只要告诉我最后去了哪 我要找你要坐多久的火车 在此停留可否蹭口饭吃 一本二本三本我分不清 我只知道 你是我的朋友','匿名',66,88,'2019-08-08 00:00:00'),(69,1,2,'初始化','向来比较擅长的自我保护方式是，一旦觉察到对方的冰冷态度就自觉退避三舍，从来不会想要去捂热这段关系。就跟趋利避害似的，惯性的只想靠近温暖的人。','匿名',66,88,'2019-08-08 00:00:00'),(72,1,2,'我也很难过','女朋友非要我陪她看《前任3》，结果看的时候，她全程看我的反应，呵呵，久经沙场这么多年，厨房少一把刀我会不知道吗？','匿名',66,88,'2019-08-08 00:00:00'),(73,1,2,'初始化','“有人说，如果你很想要一样东西，就放它走，如果它回来找你，那么它永远都是你的，要是它没有回来，那么不用再等了，因为它根本就不是你的……” ','匿名',66,88,'2019-08-08 00:00:00'),(74,1,2,'初始化','那些离开你的人 无论当初是出于什么原因离开的 也许他犹豫过挣扎过不舍过 但至少在他决定要走的那一瞬间 他觉得没有你 他会过得更好. ','匿名',66,88,'2019-08-08 00:00:00'),(75,1,2,'初始化','请珍惜那个喝醉酒后给你电话或者信息的人,因为不是每个人都可以在酒精麻痹大脑后,剩下的最后少少理智还会想起了你。 ','匿名',66,88,'2019-08-08 00:00:00'),(76,1,2,'初始化','也曾固执地把晚安只留给某一个人，拒绝对其余人说出，但后来过了这么久已经不去计较。说过千万句晚安，有的是礼貌，有的是敷衍，只有对你讲出口时那两个字才等同于所有想说又没说出口的感情。晚安。','匿名',66,88,'2019-08-08 00:00:00'),(77,1,2,'初始化','直到有一天我再也没有主动找你聊过天，再也没有给你留过言，再也没有给你点过赞，再也没有给你打过电话，再见你只是擦肩而过微微一笑出于礼貌，甚至当做路人笑都不笑，不是我装清高不食人间烟火，而是你已经错过了当初最认真的我。 ','匿名',66,88,'2019-08-08 00:00:00'),(78,1,2,'特别的自己','斑马真的很喜欢长颈鹿 她觉得长颈鹿特别特别的帅 可他又老是觉得自己配不上长颈鹿 她觉得长颈鹿喜欢美丽的白马 所以啊 他就把自己身上的斑纹化成白色 他告诉长颈鹿她是一匹白马 又和长颈鹿成了朋友 可有一天长颈鹿告诉她 以前常有一只可爱的斑马 可后来怎么没见她 他真的好喜欢那个可爱的小斑马','匿名',66,88,'2019-08-08 00:00:00'),(79,1,2,'初始化','你有没有那种在某一个时刻感觉被全世界抛弃了，窗外家家户户的灯光很热闹，电视里的综艺节目很热闹，微博上很热闹，聊天群组不停的提示新消息，但是你感觉被排除在这些热闹之外，你很想参与进去，手机打了几个字又逐个删掉，想想算了，拉上窗帘，关掉电视。','匿名',66,88,'2019-08-08 00:00:00'),(80,1,2,'初始化','你要相信 ，你生命里遇到的每个人每件事 都有它的价值和意义 ，有些人教会你爱 有些事教会你成长， 哪怕只是浅浅在你的路途中留下印记 也是一笔难能可贵的财富 ，至少在曾经某个时刻 ，你明白了生活 你懂得了自己。','匿名',66,88,'2019-08-08 00:00:00'),(81,1,2,'初始化','今天看到的一段话：“你特别烦的时候 先保持冷静 或者看一部开心的电影 或者喝一大杯水 不要试图跟朋友聊天 朋友是跟你分享快乐的人 而不是分享你痛苦的人 不要做一个唠唠叨叨的抱怨者 从现在起 要学会自己去化解 去承受”送给和我一样最近有点烦闷的人','匿名',66,88,'2019-08-08 00:00:00'),(83,1,2,'选择性捕捞？','你知道吗？\n为什么现在的男生撩着撩着就不理你了？\n因为他们是大面积撒网，选择性捕捞\n最后...你被放生了\n为什么一个男生追着追着你就不理你了\n是大面积撒网，你被放生了吗？\n可能...可能是他追你的时候，你一点回应都没有\n他心凉了...\n假如你当初能给他那么一点点一点点的温柔\n你现在可能还是他现在手中的那个小公主，真的','匿名',66,88,'2019-08-08 00:00:00'),(84,1,4,'初始化','我：老妈，最近我手头有点紧。 老妈：那就挂了吧，省电话费。 我：你忘了啊，我们是亲情号，不用钱的。 老妈：那你省点电吧，充电也需要花钱。 我：我住宿舍，不交电费的。 老妈：那你省点力气吧，说话多了，容易，饿。','匿名',66,88,'2019-08-08 00:00:00'),(85,1,2,'初始化','我昨晚两点多给你打电话，你喘着气说\n在跑步，然后我听到啪啪啪的声音，你说你穿着拖鞋跑，旁边还有个男人喘着气说我要冲刺了，结果我听到了你啊~哦~嗯的声音，你说你扭到脚了，今晚别处去跑步了好吗，我给你买了台跑步机。','匿名',66,88,'2019-08-08 00:00:00'),(86,1,2,'初始化','好想被人抱抱啊，不带任何想法的，只是因为心疼我，觉得我该休息了，然后在我措不及防的时候拥我入怀，揉揉我的头发告诉我，已经够了，你很努力了，可以好好休息了。\r\n','匿名',66,88,'2019-08-08 00:00:00'),(90,1,2,'很长很长的梦','昨天夜里做了个梦 思绪翻涌躺在床上醒来后发现眼泪止不住的往外流 脑袋放空后也不知道自己在哭什么 但眼泪还是在继续往外流 眼腺级度膨胀 压抑在心底的终于释放 说不出的感觉 就是难过','匿名',66,88,'2019-08-08 00:00:00'),(91,1,2,'初始化','朋友问我 有喜欢的人吗？\n\n本能地回答道  没有啦。\n\n但是脑海中却浮现出你的面容。','匿名',66,88,'2019-08-08 00:00:00'),(95,1,2,'不合适','像我这种人就不适合恋爱 因为爱会唤醒我的占有欲 控制欲 疑心病 也会勾引出我的狭隘 自私 敏感 然而这每一种情绪都足以令我和与我相爱的人痛苦 且越爱越严重 所以为了避免害人害己的事发生 我会自觉远离不知情的爱慕者 也会默默疏远我可能会爱上的人 原谅我自私不让你痛苦','匿名',66,88,'2019-08-08 00:00:00'),(96,1,4,'做梦','有一回我做梦，梦到我变成了一颗树，其实做树还是很带劲的，狗在我身上撒尿，鸟在我头上拉屎，人喝醉了还吐我一身。也不是没有好事，我面前长出了一朵小花，我愿意为它遮风挡雨一生一世，春天到了，它却受了别人的花粉，整个树叶都是绿色的。','匿名',66,88,'2019-08-08 00:00:00'),(97,1,2,'主动联系','几乎不会主动联系任何人 哪怕心里再想 也绝对不会主动去联系 这是高傲么 不 这是自卑 因为怕高估了自己在别人心中的位置 怕别人没那么喜欢 害怕受伤 害怕出丑 害怕被拒绝 所以 把自己伪装成一个被动高傲从不主动的人 高冷的自卑患者 大抵都是如此. ','匿名',66,88,'2019-08-08 00:00:00'),(98,1,2,'曾经是，以后也是','我告诉你我喜欢你，我并不是一定要和你在一起，只是希望今后的你，在遭遇人生低谷的时候，不要灰心，至少曾经有人被你的魅力所吸引，曾经是，以后也是','匿名',66,88,'2019-08-08 00:00:00'),(100,1,2,'出众 出局','熬得住就出众 熬不住就出局\n相信糟糕的日子熬过去了 剩下的就是好运气','匿名',66,88,'2019-08-08 00:00:00'),(101,1,2,'十五画','放弃有十五画，而坚持有十六画，所以，坚持只比放弃多一点，那为什么不继续走下去呢。','匿名',66,88,'2019-08-08 00:00:00'),(102,1,2,'无问西东','\n看见的和听到的\n经常会令你们沮丧\n世俗是这样强大 \n强大到生不出改变它们的念头\n可是如果有机会 \n提前了解了你们的人生\n你是否还会有勇气前来\n如果知道青春也不过只有这些日子\n不知你们是否还会在意 \n那些世俗希望你们在意的事情\n比如占有多少才更荣耀\n拥有什么才能被爱\n等你们长大，你们会 \n因为绿芽冒出土地而喜悦\n会对初升的朝阳欢呼跳跃\n你会给别人善意和温暖。\n但是却会在赞美别的生命的同时，\n常常甚至永远的忘了自己的珍贵。','匿名',66,88,'2019-08-08 00:00:00'),(104,1,2,'陈独秀','也不知道哪来的自信，一天不好好学习无所事事的，但总感觉自己有一天会赚大钱。而且这种感觉还他妈异常强烈','匿名',66,88,'2019-08-08 00:00:00'),(105,1,2,'无问西东','你一生所要追求的功名利禄，没有什么是你的祖上没经历过的，那些只不过是人生的幻光。','匿名',66,88,'2019-08-08 00:00:00'),(106,1,2,'无问西东','看见的和听到的\n经常会令你们沮丧\n世俗是这样强大 \n强大到 生不出改变它们的念头\n可是如果有机会 \n提前了解了你们的人生\n你是否还会有勇气前来\n如果知道青春也不过只有这些日子\n不知你们是否还会在意 \n那些世俗希望你们在意的事情\n比如占有多少才更荣耀\n拥有什么才能被爱\n等你们长大，你们会 \n因绿芽冒出土地而喜悦\n会对初升的朝阳欢呼跳跃\n你会给别人善意和温暖。\n但是却会在赞美别的生命的同时，\n常常甚至永远的忘了自己的珍贵。\n','匿名',66,88,'2019-08-08 00:00:00'),(107,1,2,'无问西东','愿你在被打击时， 记起你的珍贵，抵抗恶意； 在迷茫时，坚信你的珍贵。 爱你所爱，行你所行， 听从你心，无问西东。','匿名',66,88,'2019-08-08 00:00:00'),(108,1,2,'人性','如果你一直是个好人，某天不小心做了一件坏事，大家会说，原来这人不咋地，平时挺会演啊。如果你一直是个坏人呢，某天做了件好事，大家会说，其实这人挺好的，以前没看出来。你说这是不是很狗 血？','匿名',66,88,'2019-08-08 00:00:00'),(109,1,2,'未来i','如果压力大就去听演唱会，失恋了就去泡书吧，找不到方向就仍继续前行，如果你渴望的一切都还未来到，那就让等待的姿势更为虔诚。明天还有无数种可能性，千万不要在今夜就停止热情。努力是为了更好生活，但前提应该首先是取悦自己。一个人连让自己开心的能力都没有，如何谈得上给予世界温暖？','匿名',66,88,'2019-08-08 00:00:00'),(111,1,2,'初始化','愿你高考前后没有乱七八糟的诅咒和突如其来的疾病，高考那两天天气凉爽不下雨无高温，老师改你卷的那一天早餐午膳都很可口前一天也没有和爱人吵架。屈指可数的日子里，希望你还能坚持一下，坚持到6月8日的17:00，坚持到最后的人都是英雄，每一分进步都是成功。\n','匿名',66,88,'2019-08-08 00:00:00'),(112,1,2,'喜剧 悲剧','周星驰说过这样一句话：“我拍了很多悲剧，但你们都说那是喜剧。”是啊，这世上有太多南辕北辙。好恶之于你我，不过是两岸灯火。就像你喜欢拈花浅笑，而我喜欢把酒度宵。你喜欢荒凉大漠的广浩，而我偏爱这入目成诗的枯槁。就像是，你生活且还如意，而谈及我时，我只说了一句“别问了，过得不好。”','匿名',66,88,'2019-08-08 00:00:00'),(113,1,4,'单身狗的清香','全世界都弥漫着恋爱的酸臭味，\n只有你散发着单身狗的清香。\n自从你妈知道了单身狗这个词，\n她都快忘记你叫什么名字了。','匿名',66,88,'2019-08-08 00:00:00'),(122,1,2,'初始化','好想被人抱抱啊，不带任何想法的，只是因为心疼我，觉得我该休息了，然后在我措不及防的时候拥我入怀，揉揉我的头发告诉我，已经够了，你很努力了，可以好好休息了','匿名',66,88,'2019-08-08 00:00:00'),(123,1,2,'醉生梦死','从前以为得到你是美丽现实  现在认为是白日之梦\n此刻倒在厕所里倾吐胃里的酒精   愿我们各自安好','醉生梦死',66,88,'2019-08-08 00:00:00'),(125,1,2,'初始化','\n当你不确定做一件事情的时候，你可以选择抛硬币，当你想要抛第二次的时候，你已经知道了答案','匿名',66,88,'2019-08-08 00:00:00'),(127,1,2,'80000','可能你见过我一丝不挂的样子（80000）但你一定没见过我穿婚纱的样子。','匿名',66,88,'2019-08-08 00:00:00'),(132,1,2,'初始化','你可以不在乎我的感受;也可以不在乎我的热情，甚至可以不用理会我的沮丧和难过每个人的付出都是有限的我输的很惨，就是很惨。所以我不要了，都不要了​​​​','匿名',66,88,'2019-08-08 00:00:00'),(133,1,2,'初始化','那些翻着评论却不评论的人或许才是真的孤独寂寞的人 路过的陌生人 愿你贪吃不胖 懒惰不丑 愿有人爱你如初 疼你入骨 从此深情不被辜负 余生有人陪 祝你幸福 ，亲爱的陌生人​​​​','匿名',66,88,'2019-08-08 00:00:00'),(135,1,2,'初始化','时间是个庸医 却能包治百病','匿名',66,88,'2019-08-08 00:00:00'),(139,1,2,'初始化','是故弟子不必不如师，师不必贤于弟子，闻道有先后，术业有专攻，如是而已。','匿名',66,88,'2019-08-08 00:00:00'),(140,1,2,'搬家','搬家 → 骏景雅苑','匿名',66,88,'2019-08-08 00:00:00'),(141,1,2,'初始化','中文不再乱码~','匿名',66,88,'2019-08-08 00:00:00'),(142,1,2,'微信公众号','大哥、喝冰阔乐i','匿名',66,88,'2019-08-08 00:00:00'),(144,1,2,'有所的意义','梦想还是要有的 虽然没什么用 但毕竟不占地方 有所得意义 无所谓方向 带着你和梦想 逃之夭夭 然后爱上你那不可一世的模样.','匿名',66,88,'2019-08-08 00:00:00'),(146,1,2,'苦尽甘来','你眼里有春有秋 \n胜过我见过爱过的山川河流\n希望我们都是苦尽甘来的人\n但愿殊途同归 你能与我讲讲来时的路.  ','匿名',66,88,'2019-08-08 00:00:00'),(151,1,2,'单身狗的清香','恋爱的酸臭味，只有我散发着单身狗的','匿名',66,88,'2019-08-08 00:00:00'),(152,1,4,'了不起','你在漂亮，我也是你得不到的男人。我起码还能看看你，你连看我的机会都没有，这就是差距。','匿名',66,88,'2019-08-08 00:00:00'),(153,1,2,'初始化','愿你一生努力 一生被爱 \n想要的都拥有 得不到的能释怀','匿名',66,88,'2019-08-08 00:00:00'),(155,1,2,'初始化','我记得一句话：这个世界上最可怕的东西就是认真和执着，认真改变生活，执着改变命运。','匿名',66,88,'2019-08-08 00:00:00'),(156,1,2,'初始化','不论现在还是将来，都希望你能被好好对待。遇见的困难或问题总能解决，喜欢的事物不会错过，喜欢的人也恰巧在身边。夏天有凉风相伴，冬天有暖阳照耀。','匿名',66,88,'2019-08-08 00:00:00'),(157,1,2,'否定','我把这首歌推荐给她，她听都没听，说看歌名，就不好听，这就像你看都不看我，就否定了我的全部','匿名',66,88,'2019-08-08 00:00:00'),(158,1,2,'未来i','我什么都没有\n但有一个不确定的明天和一个不知道的未来','匿名',66,88,'2019-08-08 00:00:00'),(163,1,2,'初始化','\n最近很流行的一段话：“如果我用你待我的方式来待你 恐怕你早已离去”好好体会这句话 适合任何关系  凡事换个角度 假如你是我 你未必有我大度','匿名',66,88,'2019-08-08 00:00:00'),(164,1,2,'故事的苦与乐','除了你自己没有人明白你的故事里有过多少快乐与伤悲，这世上根本就不存在感同身受所以别傻傻的摊开伤口向别人诉苦，这世上多的是撒盐的人而不是医生别把希望寄托在别人身上，终究是要长大如人饮水冷暖自知，陪你最多的人还是你自己，最漆黑的那段路终究要独自一人走完','匿名',66,88,'2019-08-08 00:00:00'),(165,1,2,'初始化','哈利波特里面邓布利多校长和哈利说的一句话:在人世当中，我们面临的大部分的选择并不是，the right way or the wrong way，而是 the right way  or  the easy way 简单的，容易的，懒惰的。 ','匿名',66,88,'2019-08-08 00:00:00'),(166,1,2,'初始化','这南墙我是撞了，丢了的自己是捡不回来了\n我摔得最惨的地方，就是我重新开始的位置\n余生不用你指教了，这是我的感情我自己收拾','匿名',66,88,'2019-08-08 00:00:00'),(167,1,2,'Author','Author QQ:1402333029','匿名',66,88,'2019-08-08 00:00:00'),(168,1,2,'初始化','我没有进过大学校园，甚至高中校园也没有踏进过一步，但我也有青春，我的青春流逝在城市里，当你们还在英语课堂上睡觉时，我已经在高楼大厦间穿梭。当你们还在校园的林荫小路上与他（她）肩并肩经过一片片落叶时，我已经在考虑明天的温饱，这就是我的青春，充满了现实、残酷、窒息，但也有着不屈和勇敢\n','匿名',66,88,'2019-08-08 00:00:00'),(169,1,2,'初始化','在做决定之后，就给自己一个时间期限。这段时间内，把你的纠结和不安都扔掉，把你的半途而废丢在过去，把你的抱怨和难堪都吞在肚子里。在这段时间里，你必须和过去的你告别，打败那个懒惰赖床的你，打败那个行动永远跟不上想法的你。至于时间期限有多长，我想你比谁都清楚这点。','匿名',66,88,'2019-08-08 00:00:00'),(170,1,2,'俗人','做个俗人，不谈亏欠，不负遇见。做个俗人，没心没肺。没感情。安稳自由，谈笑风生。做个俗人，只沾酒沾烟，不染感情。做个俗人，忘南不归。做个俗人，贪财好色，一身正气。做个俗人，你我无心，永不用心。从此寻花问柳，闭口不谈一生厮守。从此红灯绿酒，再也不掐牵谁的手。从此人海漂流，闭口不谈爱到白头。从此单打独斗，再也不会彻夜泪流。从此放下离愁，生生世世酒敬自由。','匿名',66,88,'2019-08-08 00:00:00'),(171,1,2,'缘分','无论你生命中遇到谁，他都是你生命中该遇到的人，绝非偶然，他的出现一定会教会你什么，所以我走到哪里都相信这是我该去的地方，做我该做的事，遇到一些我该遇到的人','匿名',66,88,'2019-08-08 00:00:00'),(172,1,2,'初始化','\n在所阅读的书本中找出可以把自己引到深处的东西，而把其他一切抛掉，就是抛掉使头脑负担过重并会使自己远离要点的一切。有舍才能有得，轻装才能高速前进。','匿名',66,88,'2019-08-08 00:00:00'),(173,1,2,'如梦之梦','你这一生中的迷，必须要用其他的迷才能解开，就像有的梦必须穿过其他的梦才能醒来，你必须一个一个的走过，才能走出这场连环梦。\n——如梦之梦','如梦之梦',66,88,'2019-08-08 00:00:00'),(174,1,2,'重新开始','你若是找不到坚持下去的理由\n那你就找一个重新开始的理由\n生活本来就这么简单','匿名',66,88,'2019-08-08 00:00:00'),(175,1,3,'往前走','“咱们往哪走啊”\n“往前走”\n“那 哪里是前啊”\n“咱们往哪走 都是往前走”','匿名',66,88,'2019-08-08 00:00:00'),(180,1,2,'算了','随着时间的流逝我们终将会原谅那些曾经伤害过我们的人，那不是原谅，而是算了...','匿名',66,88,'2019-08-08 00:00:00'),(181,1,2,'初始化','如果决意去做一件事了，不要公开宣布个人目标，只管安安静静去做。因为那是你自己的事，别人不知道你的情况，也不可能帮你实现梦想。千万不要因为虚荣心而炫耀。也不要因为别人的一句评价而放弃自己的梦想。其实最好的状态，  是坚持自己的梦想，  听听前辈的建议少错几步。','匿名',66,88,'2019-08-08 00:00:00'),(182,1,2,'初始化','以后你遇到的人都是心里装着别人的人，没有人会用全部来爱你。听闻过往，十忆九悲。听闻过往，十人九伤。','匿名',66,88,'2019-08-08 00:00:00'),(183,1,3,'人间不值得','人间不值得\n不值得你难过，活的潇洒一点\n','匿名',66,88,'2019-08-08 00:00:00'),(184,1,4,'皮','你有你的双眼皮\n我有我的单眼皮  不是很单  但是很皮','匿名',66,88,'2019-08-08 00:00:00'),(185,1,4,'穷','21号的夜晚，一碗泡面，吃了整整58分钟，加了2勺辣酱，搅拌了184下，用叉子卷起面条，送到嘴边还有0.5公分的时候，我突然心里很难过，我总觉得这一刻坐在这里吃面的不应该只是我一个人。','匿名',66,88,'2019-08-08 00:00:00'),(186,1,2,'初始化','\n有人说民谣很穷，穷到只剩一把吉他\n有人说民谣也很富，它富到四海为家','匿名',66,88,'2019-08-08 00:00:00'),(187,1,2,'\"夸赞\"','音乐优美，内容充实,主题明确,引人入胜,继续保持,你就是明日之星','爱情公寓',66,88,'2019-08-08 00:00:00'),(188,1,2,'初始化','“我喜欢你”这句话太轻微\n“我爱你”这句话太沉重\n“我想跟你一起努力”这句话刚刚好','匿名',66,88,'2019-08-08 00:00:00'),(190,1,2,'音乐','总有一首触动你内心的评论\n愿音乐在你孤单时能带给你一些安慰','匿名',66,88,'2019-08-08 00:00:00'),(191,1,4,'炫富','乞丐向我都饭碗的时候\n我都感觉像炫富','匿名',66,88,'2019-08-08 00:00:00'),(194,1,2,'悲伤逆流成河','悲伤像条大河，它会吞没你\n但也能带你去梦想的远方','《悲伤逆流成河》',66,88,'2019-08-08 00:00:00'),(195,1,2,'理所应当','请不要对我那么好\n要不我会以为你做什么事情都是理所当然的 ','《悲伤逆流成河》',66,88,'2019-08-08 00:00:00'),(196,1,2,'初始化','一位母亲用二十年的时间让他长大成人\n而另一个女人只用了二十分钟就让他变回了傻瓜。','《悲伤逆流成河》',66,88,'2019-08-08 00:00:00'),(197,1,4,'皮肤好','别人在熬夜，你却在睡觉，别人已经起床干活了，你还在被窝里，别人熬夜奋斗到凌晨，而你却把事情拖到第二天，所以你皮肤好年轻又漂亮，有精神有活力肢体又好，不是没有原因的','匿名',66,88,'2019-08-08 00:00:00'),(198,1,4,'穷','上个月我吃什么，狗吃什么\n这个月狗吃什么，我吃什么','匿名',66,88,'2019-08-08 00:00:00'),(199,1,4,'为什么读书','\n终于知道为什么一读书就困了\n因为读书，是梦开始的地方','匿名',66,88,'2019-08-08 00:00:00'),(201,1,2,'鼓励','想要得到什么\n就去鼓励什么赞美什么，这就是我们的鼓励文化','匿名',66,88,'2019-08-08 00:00:00'),(202,1,2,'失去','我以为我失去了，其实我从没得到过。 就连我以为我们一同凝视过的某颗星，也被千万人凝视过','匿名',66,88,'2019-08-08 00:00:00'),(203,1,2,'艰难的岁月','那些艰难的岁月你是怎么熬过来的？ 有一种强大的精神力量支撑着我，这种力量名字叫“想死又不敢”……\n','匿名',66,88,'2019-08-08 00:00:00'),(206,1,2,'反思','如果有人伤害了你，不要去感谢那些伤害你的人，他们根本没做什么让你成长，让你成长的是你的反思和坚强','匿名',66,88,'2019-08-08 00:00:00'),(207,1,2,'多读书','白天要好好读书 书里有你不知道的\n晚上要好好睡觉 梦里会有你想要的','匿名',66,88,'2019-08-08 00:00:00'),(208,1,2,'另一个我','这世界上一定有另一个我\n做着我不敢做的事，过着我想要的生活。','匿名',66,88,'2019-08-08 00:00:00'),(209,1,4,'吃饱撑的','要怪就怪袁隆平\n他发明了水稻，看把你们吃饱了撑的','匿名',66,88,'2019-08-08 00:00:00'),(210,1,4,'深夜小巷','\n又走在昏暗的小巷里，我抽着烟，忽然里面穿出一声骚叫，小帅哥~快来玩啊~老子一下子扔了烟...','匿名',66,88,'2019-08-08 00:00:00'),(211,1,2,'向来心是看客心','海中月是天上月,眼前人是心上人\n向来心是看客心,奈何人是剧中人','匿名',66,88,'2019-08-08 00:00:00'),(212,1,2,'你的那个他','希望你遇见一个人 他看你时眼神温柔\n愿意陪你做很多事 说很多话走很多路','匿名',66,88,'2019-08-08 00:00:00'),(213,1,4,'神灯','我捡到了个神灯，许愿我死前能找到女朋友。\n结果我获得了永生。','匿名',66,88,'2019-08-08 00:00:00'),(214,1,3,'周幽王','有人问：“心动是什么感觉？””忽然明白了那个叫周幽王的二百五为什么会烽火戏诸侯了。” ','匿名',66,88,'2019-08-08 00:00:00'),(216,1,2,'王八蛋','即使我内心坚强的像个王八蛋\n但我也希望我失望的时候能有人抱抱我','网易云热评墙',66,88,'2019-08-08 00:00:00'),(217,1,4,'我想上位','明人不说暗话\n我想上你老婆  大哥让个位置吧 ','匿名',66,88,'2019-08-08 00:00:00'),(224,1,2,'经历','该经历的都经历了\n老天是不是该派个知心的人给我了','匿名',66,88,'2019-08-08 00:00:00'),(225,1,3,'懂事 识趣 保持理智','懂事 识趣 保持理智','匿名',66,88,'2019-08-08 00:00:00'),(226,1,3,'劫后余生.','劫后余生.','匿名',66,88,'2019-08-08 00:00:00'),(227,1,3,'初始化','大师在流浪，小丑在殿堂','匿名',66,88,'2019-08-08 00:00:00'),(228,1,3,'所有的痛与苦','只要以后她的合法丈夫是我 现在的苦 我统统接下','网易云热评墙',66,88,'2019-08-08 00:00:00'),(230,1,3,'初始化','初见是惊鸿一瞥，南柯一梦是你。','匿名',66,88,'2019-08-08 00:00:00'),(231,1,3,'翻山越岭','总会有一个人陪我翻山越岭 听我说 我倔强的梦','匿名',66,88,'2019-08-08 00:00:00'),(232,1,3,'时间改变了很多东西','不得不承认，时间  真的改变了很多东西','匿名',66,88,'2019-08-08 00:00:00'),(233,1,3,'IPhone XS','IPhone XS','匿名',66,88,'2019-08-08 00:00:00'),(234,1,3,'未来可期','未来可期 人间值得i','匿名',66,88,'2019-08-08 00:00:00'),(236,1,2,'初始化','我的意中人是个盖世英雄， 有一天他会踩着七色云彩来娶我，我猜中了前头可我猜 不着这结局。','匿名',66,88,'2019-08-29 20:41:37'),(237,1,3,'三分钟热度','大概只有遇到特别喜欢的人 才能治好我的三分钟热度、没有耐心和喜新厌旧的毛病吧 ','匿名',66,88,'2019-08-29 20:42:03'),(238,1,3,'像要的都很完美','你为什么要那么努力?因为我喜欢的东西都很贵，我想去的地方都很远，我爱的人超完美','匿名',66,88,'2019-08-29 20:42:26'),(239,1,3,'黑名单','那些后来躺在黑名单的人，开始也都是踩着七彩云朵而来照亮过整个世界','匿名',66,88,'2019-08-29 20:43:46'),(241,1,3,'将心比心','最近很流行的一段话：“如果我用你待我的方式来待你 恐怕你早已离去”好好体会这句话 适合任何关系  凡事换个角度 假如你是我 你未必有我大度','匿名',66,88,'2019-08-29 20:50:26'),(242,1,3,'生活i','生活就是一个接着一个的耳光，把人从梦里打醒','匿名',66,88,'2019-08-29 20:50:34'),(243,1,3,'万物生长','这里荒芜寸草不生 \n后来你来这走了一遭 \n奇迹般万物生长 这里是我的心','匿名',66,88,'2019-08-29 20:50:45'),(249,1,3,'初始化','不论现在还是将来，都希望你能被好好对待。遇见的困难或问题总能解决，喜欢的事物不会错过，喜欢的人也恰巧在身边。夏天有凉风相伴，冬天有暖阳照耀','匿名',66,88,'2019-08-29 20:52:09'),(251,1,4,'你才二十多岁','你才二十多岁，没有遇上喜欢的人很正常,往后你会发现，你基本上是遇不到了，等着相亲吧','匿名',66,88,'2019-08-29 20:52:35'),(252,1,3,'祝愿','愿你一生努力 一生被爱,想要的都拥有 得不到的能释怀','匿名',66,88,'2019-08-29 20:52:47'),(253,1,4,'初始化','你在漂亮，我也是你得不到的男人。我起码还能透过手机看看你，你连看我的机会都没有，这就是差距。','匿名',66,88,'2019-08-29 20:53:14'),(255,1,3,'人生最好的三个词','人生最好的三个词：“久别重逢，失而复得，虚惊一场。”','匿名',66,88,'2019-08-29 20:53:37'),(256,1,3,'生命','鸡蛋，从外打破是食物，从内打破是生命；人生亦是如此。','匿名',66,88,'2019-08-29 20:53:49'),(257,1,3,'白夜行','我的天空里没有太阳，总是黑夜，但并不暗，因为有东西代替了太阳。虽然没有太阳那么明亮，但对我来说已经足够。凭借着这份光，我便能把黑夜当成白天。','白夜行',66,88,'2019-08-29 20:53:56'),(258,1,3,'人间失格','人间失格里有这样一句话，日日做着同样的事情，循环着与昨日相同的惯例，若能避开猛烈的狂喜，自然不会有悲痛来袭，我说：照顾好自己','匿名',66,88,'2019-08-29 20:54:46'),(260,1,3,'总要学着长大','在某个年纪之前 你可以靠透支身体 小聪明和老天给你的运气一直取巧地活着 然而到了某个年纪之后 真正能让你走远的 都是自律 积极和勤奋.','匿名',66,88,'2019-08-29 20:55:25'),(262,1,3,'潜规则','职场里面有个潜规则，就是你千万不要大声训斥那些刚刚参加工作的下级，因为他们转身就敢离职另谋高就，反之，你可以狂骂那些兢兢业业有家有父母有娃有贷款的中年人，因为他们依旧会像个孙子一样负重前行，多么讽刺。','匿名',66,88,'2019-08-29 20:55:40'),(263,1,2,'初始化','你知道吗？ 为什么现在的男生撩着撩着就不理你了？ 因为他们是大面积撒网，选择性捕捞 最后...你被放生了 为什么一个男生追着追着你就不理你了 是大面积撒网，你被放生了吗？ 可能...可能是他追你的时候，你一点回应都没有 他心凉了... 假如你当初能给他那么一点点一点点的温柔 你现在可能还是他现在手中的那个小公主，真的','匿名',66,88,'2019-08-29 20:55:53'),(264,1,4,'吵架','今天我让媳妇看这个视频，她竟然说不搞笑，我当时就跟她吵了起来， 可后来我就想: 我一个大男人，为什么要和一个女人计较，更何况还是自己的媳妇! 我当时就道歉了道完歉， 媳妇也很高兴，她把手里的菜刀放下了，她妹妹抓着我头发的手也松开了， 她哥手里的砖头放下了，她弟弟手里的铁楸也放下了，丈母娘手里的擀面杖也扔了， 老丈人拿出手机说道: 棺材还退回去吧。看看，只要多沟通，生活还是蛮和谐的','匿名',66,88,'2019-08-29 20:56:09'),(265,1,2,'初始化','我希望你过得不好\n家破人亡众叛亲离\n变傻变胖变丑\n这样我才能触碰到你\n我又希望你过得很好\n冷了有人给你准备衣服\n饿了有人给你做好吃的\n生理期有人能搓热双手给你焐肚子\n把你宠的像个孩子一样\n你还是过得好点吧\n别来找我了','匿名',66,88,'2019-08-29 20:56:23'),(266,1,2,'初始化','音乐这种东西最好不要强行分享给别人，每个人听歌时候状态不同，如果你强行塞给他很好的歌，其实还不如他在商场偶然听到这首歌有冲击感。如果你要强行给他听，他也永远觉得也就那样，一辈子也听不进去了。所以音乐这样的东西还是自己看的重就好了。','匿名',66,88,'2019-08-29 20:56:35'),(267,1,4,'没有对比 就没有伤害','父母说早恋会荒废学业爸妈我对不起你们 我考不过那些早恋的','匿名',66,88,'2019-08-29 20:56:47'),(268,1,4,'丘比特','我严重怀疑丘比特是不是把我的箭拿去烤串了','匿名',66,88,'2019-08-29 20:56:56'),(269,1,4,'初始化','今天的我你爱理不理,明天的我还会去找你','匿名',66,88,'2019-08-29 20:57:07'),(270,1,4,'深夜小巷','那天我在派出所是这么跟警察叔叔说的：夜已深，天微凉。路过小巷见几女，衣甚薄，风中瑟瑟抖。心起，欲施二三百。岂料女甚感恩硬拽屋中，更怜爱。遂生情，云雨三刻，觉不爱。施之分手费二百。何错之有？','匿名',66,88,'2019-08-29 20:57:14'),(271,1,4,'我累了','打电话不接，信息不回，竟然在这里给人评论，分手吧，我真的累了','匿名',66,88,'2019-08-29 20:57:22'),(272,1,4,'初始化','愿你三冬暖，愿你春不寒；愿你天黑有灯，下雨有伞','匿名',66,88,'2019-08-29 20:57:43'),(273,1,2,'思想','男生更看重女生的身材、脸蛋，还是思想？\n脸蛋和身材决定了我是否想去了解她的思想。思想决定了我是否会一票否决掉她的脸蛋和身材。','匿名',66,88,'2019-08-29 20:57:56'),(274,1,2,'初始化','富强民主文明和谐\n自由平等公正法治\n爱国敬业诚信友善','匿名',66,88,'2019-08-29 20:58:10'),(275,1,4,'单身狗','看了蜘蛛侠，主角被蜘蛛咬了变成蜘蛛侠,我一直以为只是在电影发生。后来我被一只狗咬了，至今单身十几年,我信了。','匿名',66,88,'2019-08-29 20:58:19'),(276,1,2,'初始化','曾经语文老师教了我们一句英文:I like you,but just like you.刚想说这个句子不错,正想把它摘抄到笔记本上时,老师告诉我们它的翻译：纵然万劫不复,纵然相思入骨,我也待你眉眼如初,岁月如故.','匿名',66,88,'2019-08-29 20:58:34'),(277,1,2,'长大i','人会长大三次。第一次是在发现自己不是世界中心的时候。第二次是在发现即使再怎么努力，终究还是有些事令人无能为力的时候。第三次是在，明知道有些事可能会无能为力，但还是会尽力争取的时候。','匿名',66,88,'2019-08-29 20:58:50'),(278,1,2,'小子 学着点','生活从来不会招招手说，“小子过来我们讲讲道理”，生活只会一个大嘴巴子把你打在地上后说，“傻逼，学着点”','匿名',66,88,'2019-08-29 20:59:00'),(279,1,2,'陪伴','最近听到一句话；朋友或是恋人，能走过三个月的已是不容易，能坚持六个月的值得珍惜，能相守一年的堪称奇迹，能熬过两年的才叫知己，超过三年的值得记忆，五年后还在的应该请进生命，十年后仍然在的那就不是朋友了，已经是亲人 是生命的一部分。在这个善变的时代，且行且珍惜，感谢和我相处不离不弃的人。','匿名',66,88,'2019-08-29 20:59:11'),(280,1,2,'成为很厉害的人','我想成为一个很厉害的人，因为有了我，让这个世界，而有一点点的不一样；而我的世界，不过就是你的心。','《那些年》',66,88,'2019-08-29 20:59:33'),(281,1,2,'民谣','民谣有三：爱情，理想，远方\n听者有三：孤独，平庸，落魄 ','《城门开》',66,88,'2019-08-29 20:59:52'),(282,1,2,'故里 长安','“知道我喜欢哪个情侣名吗”\n“哪个？” \n“长安，与，故里” \n“为何”\n“因为长安归故里，故里有长安” ','《杨花落尽子规啼》 ​',66,88,'2019-08-29 21:00:09'),(283,1,2,'波澜','我们曾如此渴望命运的波澜，到最后才发现：人生最曼妙的风景，竟是内心的淡定与从容；我们曾如此期盼外界的认可，到最后才知道：世界是自己的，与他人毫无关系。','网易云热评 ​',66,88,'2019-08-29 21:00:24'),(284,1,4,'天才','我就觉得我自己是个天才万中无一绝无仅有独一无二空前绝后人世间再难有','网易云热评 ​',66,88,'2019-08-29 21:00:36'),(285,1,2,'满目星河i','总有一天，你会遇到一个满眼都是你的人。他会对你好，忍让你，了解你，对你没有保留，会给你百分百的安全感(ღ˘⌣˘ღ)。别问我怎么敢说，因为这是上帝欠你的','网易云热评 ​',66,88,'2019-08-29 21:00:46'),(286,1,2,'孝道','我觉得在我这个年纪的孝道，就是让我爸妈觉得他们自己还有用，他们还帮得到我。','李诞 ​',66,88,'2019-08-29 21:01:01'),(287,1,2,'你今天更博学了吗','我也每天问自己这个问题，今天更博学了吗？没有，但是没有关系，安稳地睡去。','李诞 ​',66,88,'2019-08-29 21:01:10'),(288,1,2,'淘汰','你可以不服，也可以委屈，但你被淘汰了。','马东 ​',66,88,'2019-08-29 21:01:21'),(290,1,2,'一个','也许你现在仍然是一个人下班，一个人乘地铁，一个人上楼，一个人吃饭，一个人睡觉，一个人发呆。然而你却能一个人下班，一个人乘地铁，一个人上楼，一个人吃饭，一个人睡觉，一个人发呆。很多人离开另外一个人，就没有自己。而你却一个人，度过了所有。你的孤独，虽败犹荣。','《一个》',66,88,'2019-08-29 21:01:57'),(291,1,2,'小鹿不乱撞了','曾经也小鹿乱撞过\n后来小鹿长大了\n走路贼稳','《一个女人和浴室》 ​',66,88,'2019-08-29 21:02:12'),(292,1,2,'反省','真正的安稳是历经世事后的淡薄，你还没有见过世界，就想隐退山林，到头来只会是井底之蛙。','匿名 ​',66,88,'2019-08-29 21:02:24'),(293,1,3,'初始化','很心酸吧那么喜欢的人却没办法拥有。','匿名 ​',66,88,'2019-08-29 21:02:35'),(294,1,3,'初始化','在十字开头的年纪遇到了最想托付一生的人，承诺这种东西只有听的人记得。','匿名 ​',66,88,'2019-08-29 21:02:56'),(297,1,2,'想说的话','那个看起来毫不在乎你的人，在聊天窗口里写满了要对你说的话，可是却一直没按发送键。\n那个决绝果断拖你进黑名单的人，在别的地方悄悄地关注着你的喜怒哀乐。\n那些你以为与你毫无瓜葛的人，在那么多个容易脆弱的夜里，确实忍住了一万次想要联系你的冲动。\n多的是，你不知道的事。','匿名 ​',66,88,'2019-08-29 21:03:47'),(299,1,3,'有钱所以善良','不是“有钱却很善良”，是“有钱所以善良”，懂吗？如果我有这些钱的话，我也会很善良，超级善良。','《寄生虫》 ​',66,88,'2019-08-29 21:04:53'),(300,1,3,'钱就是熨斗','有钱人家的小孩连衣服都没有褶皱，钱就是熨斗，把一切都烫平了，所有褶皱都被烫得平平的。','《寄生虫》 ​',66,88,'2019-08-29 21:05:01'),(301,1,2,'选择','书堆很多了不知道看哪本，\n那就从手头的开始看起。\n单词总是背不完，\n那就不要去寻求捷径，\n从第一个开始背。\n旅行下不了决心，\n那就放弃攻略从订机票开始。\n打败焦虑的最好办法，\n就是去做那些让你焦虑的事情。\n出发永远是最有意义的事，去做就是了。','卢思浩​',66,88,'2019-08-29 21:05:40'),(303,1,3,'《寄生虫》评价','1%的上流阶层，掌控着90%的财富和权力。从喜剧到悲剧，不过一场大雨。\n没有人特别邪恶，却最终彼此伤害。\n令人玩味的是，看过电影的几乎都将自己代入穷人一家，无论是真的“底层”还是部分社会精英。','《寄生虫》评价',66,88,'2019-08-29 21:06:32'),(304,1,4,'进度条','女：为啥你追我追到一半不追了？\n我：我又没有进度条！！！！\n女：。。。','匿名',66,88,'2019-08-29 21:06:48'),(305,1,2,'男孩子彻底喜欢上你的时候','这就是 一个男生彻底喜欢上你的时候\n喜欢你的人 从不需要你主动找话题。 \n爱你的男生在你面前 \n才会偶尔像个孩子 \n偶尔像个父亲 \n偶尔像个流氓 \n如果我喜欢你 我会主动往你的方向走几步再走几步。 \n最想说晚安 和最不想说晚安的都是你。 \n你困了就先睡 \n没困我陪你。 \n双方都在低头忙自己的事 \n一抬头发现他正温柔的看着你的时候。 \n别人叫你名字的时候 \n他先回头。 \n身体还没靠近 \n笑容就藏不住了。 \n世界就像巨大的夹娃娃机 \n我隔着玻璃 只想要你。 \n娶你这件事 我随时待命。 \n你在我心里的位置 \n连我自己都羡慕。 \n青梅枯萎 竹马老去 \n从此我爱上的人都像你。 \n承蒙你出现 够我喜欢好多年。 \n没事啊 你还有我 我养你。','这就是一个男生彻底喜欢上你的时候',66,89,'2019-08-29 21:07:26'),(306,1,3,' ·͜· ​​​','I hope you happy every day  ·͜· ​​​','匿名',66,88,'2019-08-29 21:08:36'),(307,1,3,'星河滚烫','星河滚烫，你是人间理想​​​','匿名',66,88,'2019-08-29 21:08:49'),(308,1,3,'万千世界','万千世界 在难遇见我​​​','匿名',66,88,'2019-08-29 21:08:56'),(309,1,3,'在意','你在意什么，什么就会折磨你。​​​','匿名',66,88,'2019-08-29 21:09:03'),(310,1,3,'反思','不是给自己的钱包做减法\n而是给自己的体验和技能做加法​​​','匿名',66,88,'2019-08-29 21:09:14'),(311,1,3,'人物长进','身无饥寒，父母未曾亏我。\n人无长进，我何以对父母!','心灵触动',66,88,'2019-08-29 21:09:21'),(312,1,3,'借钱','儿子 你先给我微信转二百块钱 工地拖欠工资了 等发了工资就还你……','心灵触动',66,88,'2019-08-29 21:09:38'),(313,1,3,'绿色','绿色清新你的生活','匿名',66,88,'2019-08-29 21:10:01'),(314,1,3,'暴瘦暴富不爆炸','暴瘦暴富不爆炸  脱单脱贫不脱发','匿名',66,88,'2019-08-29 21:10:10'),(315,1,3,'劫后余生','劫后余生','匿名',66,88,'2019-08-29 21:10:19'),(317,1,3,'完美自杀方法','教给各位一个完美的自杀方法:1.洗一个热水澡\n2.泡一杯热牛奶，加点蜂蜜3.把空调开到舒适的温度4.喝下牛奶，躺到床上\n5.等你睁开眼看见太阳升起就是你已经死了并轮回啦，用新身份新心情去重新活吧\n嘘一一只是孟婆搞错，不小心让你的下一世和上一世有点像而已。\n行了，加油没什么事是过不去的。','匿名',66,89,'2019-08-29 21:11:43'),(318,1,4,'音乐','真搞不懂这种音乐，动次打次的，让人都睡不好觉，下次有这种音乐早点告诉我，我不喜欢睡觉','匿名',66,88,'2019-08-29 21:12:06'),(319,1,4,'“灵魂六问”','配钥匙师傅：你配吗?\n算命先生：你算什么东西?\n食堂阿姨：你要饭吗?\n快递小哥：你是什么东西?\n上海垃圾分拣阿姨：你是什么垃\n圾?\n最有文化的还是滴滴司机：你搞清\n楚自己的定位没有?','匿名',66,91,'2019-08-29 21:12:25'),(320,1,4,'初始化','今天早上看到一对高中生在街上手牵手，不禁想起了高中时代的自己，当年的我，也是这样看着一对一对的高中生在街上手牵手..','匿名',66,89,'2019-08-29 21:12:57'),(321,1,4,'我就是看不起你','酒桌上，经常有些不知天高地厚的人对我说：“大哥，这杯酒你要是不喝，你就是看不起我！” 这时我通常都会把酒喝掉，然后对他说：“我喝掉了，但我还是看不起你。”','匿名',66,93,'2019-08-29 21:13:18'),(322,1,4,'插我队?','正在食堂打饭，一妹纸很没礼貌的插到我前面，我凑过去说：美女，有男朋友吗？ 妹纸说：没有，怎么了？ 我上去就一大嘴巴说：没男朋友还敢来我这插队。。。”','匿名',66,94,'2019-08-29 21:13:28'),(323,1,3,'语录','其实，在我认为，只要脸皮厚就可以克服自卑，我可以穿着大裤衩子大拖鞋兜里几块钱样去4S店看宾利，逛爱马仕  顶级仕、古奇、LV，每当店员过来给我介绍我就说买不起，就随看看。不过这些牌子的店员态度就是好，一直跟在屁股后面说，没关系的先生，喜欢的就可以试试。跟白富美一样该聊的聊，该说的说，反正我也没有打算追你，也不怕你笑话，就是坦诚相待呗，顶多你烦我说我脸皮厚，这对我也没影响。\n哈哈，其实人一旦脸皮厚，坦诚之后，更容易博的好感。还有就是自卑是你心里因素作祟，为什么自卑，父母生下你来不是让你自卑的，哪怕你一辈子碌碌无为， 也要光明磊落活，在这个世上，但行好事，莫问前程。真有背景有实力的也不会瞧不起你，说句不好听的，他们也没功夫瞧不起你，笑话你的人其实他们心里也是自卑的。','信仰',66,88,'2019-08-29 21:14:08'),(324,1,2,'语录','曾经我也以为我是那个最特别的人。\n可惜我不是。\n我自以为擅长的东西，总有人比我做得更好。我自以为与众不同的地方，其实也没什么不一样。\n相比之下，我不过是一个很普通的人。\n可能我拼命努力下也曾有一两次比一些人做得更好，但置身于人海之中，我顶多算是一颗大一点的鹅卵石。\n我努力，但好像也缺少点天赋和运气。\n有很多梦想，但实现起来也遥遥无期。\n慢慢也能接受我是一个普通人的事实，但我也希望自己能追求喜欢的事物，哪怕回报我的不多。\n也许这世界上真的存在着那样的人。\n存在着我永远都追不上的人，存在着我穷尽一生都难以望其项背的人。\n但即使再普通，我也希望活出一点点不一样的光芒。我祈求有好运降临，我也渴望被命运所爱。\n但如果没有，我也不会放弃。\n希望你也一样。','Cps',66,88,'2019-08-29 21:14:58'),(325,1,3,'务必善良','这个世界上有两种东西不敢直视，一是太阳，二是人心。 闭眼是王朝盛世，睁眼是地狱熔炉。生而为人，请务必善良。 ','东野圭吾',66,90,'2019-08-30 08:14:21'),(326,1,2,'有太多人','见过斯斯文文的女生在外面偷人的\r\n也见过抽烟喝酒的姑娘坚守爱情的\r\n见过打着领带穿着西装对爸妈破口大骂的\r\n也见过一身刺青耐心伺候家里老人的\r\n文明不是看学历 素质也不是看衣着\r\n衣冠楚楚的人做着人面兽心的事有很多\r\n人品和骨子里的善良是伪装不了的\r\n','《有太多人》',66,89,'2019-08-30 08:14:53'),(327,1,2,'成年人','成年人好惨哦\r\n连崩溃都要选时间看场合\r\n明明指头碰一碰就碎了\r\n却还是要等回到家避开所有人\r\n关上门的那一刻才化成灰','《可乐》',66,102,'2019-08-30 08:15:21'),(328,1,2,'至尊宝的生活','每个男孩都想当至尊宝，有梦想的日子，简单快乐，却不得不戴上紧箍咒，变成齐天大圣，但你会失去很多，生活就是紧箍咒，社会就是牛魔王，父母就是唐僧，紫霞就是梦想，可是。。。。。你却活的像条狗\r\n','《一生所爱》',66,91,'2019-08-30 08:15:33'),(329,1,2,'女孩子也要吃饭啊','\"奶奶，我谈恋爱了\"​\r\n\"那太好了，哪天叫来家吃饭吧\"\r\n\"可是，她也是女孩子\"\r\n\"女孩子也要吃饭的呀\"','《芒种》',66,92,'2019-08-30 08:16:05');

/*Table structure for table `ana_type` */

DROP TABLE IF EXISTS `ana_type`;

CREATE TABLE `ana_type` (
  `id` int(20) NOT NULL AUTO_INCREMENT,
  `ana_type_name` varchar(20) DEFAULT NULL,
  `create_date` datetime DEFAULT NULL,
  PRIMARY KEY (`id`)
) ENGINE=InnoDB AUTO_INCREMENT=8 DEFAULT CHARSET=utf8;

/*Data for the table `ana_type` */

insert  into `ana_type`(`id`,`ana_type_name`,`create_date`) values (1,'首页','2019-08-08 00:00:00'),(2,'热评','2019-08-08 00:00:00'),(3,'短句','2019-08-08 00:00:00'),(4,'段子','2019-08-08 00:00:00'),(5,'关于','2019-08-08 00:00:00');

/*Table structure for table `collect` */

DROP TABLE IF EXISTS `collect`;

CREATE TABLE `collect` (
  `id` int(20) NOT NULL AUTO_INCREMENT,
  `user_id` int(20) DEFAULT NULL,
  `ana_id` int(20) DEFAULT NULL,
  `create_date` datetime DEFAULT NULL,
  PRIMARY KEY (`id`)
) ENGINE=MyISAM AUTO_INCREMENT=10 DEFAULT CHARSET=utf8;

/*Data for the table `collect` */

insert  into `collect`(`id`,`user_id`,`ana_id`,`create_date`) values (1,1,234,'2019-08-08 00:00:00'),(2,1,232,'2019-08-08 00:00:00'),(3,1,231,'2019-08-08 00:00:00'),(4,1,230,'2019-08-08 00:00:00'),(5,1,229,'2019-08-08 00:00:00'),(6,2,228,'2019-08-08 00:00:00'),(7,2,227,'2019-08-08 00:00:00'),(8,2,226,'2019-08-08 00:00:00'),(9,2,225,'2019-08-08 00:00:00');

/*Table structure for table `comment` */

DROP TABLE IF EXISTS `comment`;

CREATE TABLE `comment` (
  `id` int(20) NOT NULL AUTO_INCREMENT,
  `user_id` int(20) DEFAULT NULL,
  `ana_id` int(20) DEFAULT NULL,
  `comment_content` text,
  `create_date` datetime DEFAULT NULL,
  PRIMARY KEY (`id`)
) ENGINE=InnoDB AUTO_INCREMENT=120 DEFAULT CHARSET=utf8;

/*Data for the table `comment` */

insert  into `comment`(`id`,`user_id`,`ana_id`,`comment_content`,`create_date`) values (1,1,234,'面包 爱情都会有的','2019-08-08 00:00:00'),(2,1,233,'如人饮水  冷暖自知','2019-08-08 00:00:00'),(4,2,232,'喜欢站八分  尊严留两分','2019-08-08 00:00:00'),(9,1,231,'人的出场顺序真的很重要，','2019-08-08 00:00:00'),(10,1,231,'可能你见过我一丝不挂的样子（80000）但你一定没见过我穿婚纱的样子。','2019-08-08 00:00:00'),(18,1,234,'你这个人啊 像苦涩未熟的柑橘 要等 ​​​','2019-08-08 00:00:00'),(19,1,234,'你可不可以陪我长大，而不是教我长大 ​​​','2019-08-08 00:00:00'),(24,1,234,'愿你合上笔盖的刹那\n有着侠客收刀入鞘的骄傲','2019-08-08 00:00:00'),(25,1,234,'我怕你知道 又怕你不知道\n又怕你知道 却装作不知道 ','2019-08-08 00:00:00'),(27,1,234,'你被什么保护   就被什么限制  \n能给你遮风挡雨的   同样能让你不见天日 ','2019-08-08 00:00:00'),(28,1,234,'希望你遇到一个人 他看你时眼神温柔\n愿意陪你做很多事  说很多话走很多路','2019-08-08 00:00:00'),(29,1,234,'你永远都不会知道\n你在路上见到的路人甲 是别人做梦都想见到的人','2019-08-08 00:00:00'),(31,1,234,'可能你见过我一丝不挂的样子（80000） \n但你一定没见过我穿婚纱的样子。','2019-08-08 00:00:00'),(33,1,234,'考59分比考0分更难受。最痛苦的不是不曾拥有，而是差一点就可以','2019-08-08 00:00:00'),(34,1,234,'其实 喜欢上你  并不是你长得好不好看   \n而是你在特殊的时间里   给了我别人给不了的感觉','2019-08-08 00:00:00'),(37,1,234,'人的出场顺序真的很重要，\n陪你喝醉的人注定没办法送你回家','2019-08-08 00:00:00'),(38,1,234,'作为一个别人眼中乐观的人是什么体验？\n大概是上吊了，快死了，别人都以为你在荡秋千','2019-08-08 00:00:00'),(39,1,234,'周杰伦把爱情比做龙卷风\n我觉得特别合适，直到现在我还没遇见过\n','2019-08-08 00:00:00'),(40,1,234,'始于颜值  敬于才华\n合于性格  久于善良  终于人品','2019-08-08 00:00:00'),(41,1,234,'爸，你高中选的文科还是理科”\n我选的是你妈','2019-08-08 00:00:00'),(45,1,234,'明人不说暗话  我想上你老婆\n大哥让个位置吧   你该退位了','2019-08-08 00:00:00'),(46,1,234,'不是每次回首都有人等你\n也不是每次伸手都有人帮你','2019-08-08 00:00:00'),(47,1,234,'我本想边走边爱\n可他一个人 挡住了人山人海','2019-08-08 00:00:00'),(48,1,234,'大概因为我是路痴吧\n所有颠沛流离这些年 都没找到一个家\n','2019-08-08 00:00:00'),(50,1,234,'上天不给我的，无论我十指怎样紧扣，仍然走漏；\n给我的，无论过去我怎么失手，都会拥有。','2019-08-08 00:00:00'),(51,1,234,'大概只有遇到特别喜欢的人\n才能治好我的三分钟热度 ​​​ ​​​​ ​​​ ​​​​\n没有耐心和喜新厌旧的毛病吧 ​​​ ​​​​','2019-08-08 00:00:00'),(52,1,234,'也不知道哪来的自信，一天不好好学习无所事事的，但总感觉自己有一天会赚大钱。而且这种感觉还他妈异常强烈 ​​​​','2019-08-08 00:00:00'),(53,1,234,'你为什么要那么努力?因为我喜欢的东西都很贵，我想去的地方都很远，我爱的人超完美 ​​​​','2019-08-08 00:00:00'),(54,1,234,'高手在民间，失手在阴间，装逼一瞬间，故事在人间，玩好了你回家吃饭，玩不好全村人去你家吃饭，乐队一响，父母白养。​​​​','2019-08-08 00:00:00'),(55,1,234,'你可以不在乎我的感受;也可以不在乎我的热情，甚至可以不用理会我的沮丧和难过每个人的付出都是有限的我输的很惨，就是很惨。所以我不要了，都不要了​​​​','2019-08-08 00:00:00'),(56,1,234,'那些翻着评论却不评论的人或许才是真的孤独寂寞的人 路过的陌生人 愿你贪吃不胖 懒惰不丑 愿有人爱你如初 疼你入骨 从此深情不被辜负 余生有人陪 祝你幸福 ，亲爱的陌生人​​​​','2019-08-08 00:00:00'),(57,1,234,'你应该很孤单吧，微信和QQ都没有消息，一个人打开网易云默默的看着评论，而这一秒，你正好看到了我的评论，这一秒你是属于我的，你好，陌生人，祝你早日找到自己的爱人。','2019-08-08 00:00:00'),(58,1,234,'变优秀 祝你也祝我','2019-08-08 00:00:00'),(60,1,234,'笑的大方 走的坦荡','2019-08-08 00:00:00'),(61,1,234,'向往平淡 不甘平凡','2019-08-08 00:00:00'),(62,1,234,'如人饮水 冷暖自知','2019-08-08 00:00:00'),(63,1,234,'并不完美 但很自由','2019-08-08 00:00:00'),(64,1,234,'来去如风 干净自由','2019-08-08 00:00:00'),(67,1,234,'因为要生存，我开始学会放弃','2019-08-08 00:00:00'),(68,1,234,'不追逐 不逢迎 无风雨 无喜悲','2019-08-08 00:00:00'),(73,1,234,'无助的感受像风暴一样迎面扑来','2019-08-08 00:00:00'),(75,1,234,'海底月是天上月，眼前人是心上人\n向来心是看客心，奈何人是剧中人\n山有木兮木有枝，心悦君兮君不知','2019-08-08 00:00:00'),(76,1,234,'后来我们什么都有了，却没了我们','2019-08-08 00:00:00'),(77,1,234,'你这个人啊 像苦涩未熟的柑橘 要等 ​​​','2019-08-08 00:00:00'),(78,1,234,'为你对抗全世界，却败给你一声叹息 ​​​','2019-08-08 00:00:00'),(79,1,234,'你可不可以陪我长大，而不是教我长大 ​​​​​​','2019-08-08 00:00:00'),(80,1,234,'放弃了不该放弃的，坚持了不该坚持的','2019-08-08 00:00:00'),(81,1,234,'或许，与世隔绝是我维护自己的最好方式','2019-08-08 00:00:00'),(86,1,234,'时间是个庸医 却能包治百病','2019-08-08 00:00:00'),(88,1,234,'你以为你算什么还不是仗着我喜欢你','2019-08-08 00:00:00'),(89,1,234,'大概因为我是路痴吧 所有颠沛流离这些年 都没找到一个家','2019-08-08 00:00:00'),(90,1,234,'业精于勤  荒于嬉 行成于思  毁于随','2019-08-08 00:00:00'),(93,1,234,'这个世界从来不会因为你去改变什么  更不会因为你而去迁就什么  但是 我会','2019-08-08 00:00:00'),(96,1,234,'是故弟子不必不如师，师不必贤于弟子，闻道有先后，术业有专攻，如是而已。','2019-08-08 00:00:00'),(110,1,234,'满目星河i','2019-08-23 17:11:34'),(114,4,234,'我也每天问自己这个问题，今天更博学了吗？没有，但是没有关系，安稳地睡去。——李诞','2019-08-23 17:21:06'),(117,4,212,'他看你时眼神温柔','2019-08-24 11:20:50'),(118,4,234,'大概只有遇到特别喜欢的人\n才能治好我的三分钟热度 ​​​ ​​​​ ​​​ ​​​​\n没有耐心和喜新厌旧的毛病吧 ​​​ ​​​​','2019-08-24 13:55:49'),(119,15,327,'可乐','2019-08-30 11:51:08');

/*Table structure for table `login_log` */

DROP TABLE IF EXISTS `login_log`;

CREATE TABLE `login_log` (
  `id` int(20) NOT NULL AUTO_INCREMENT,
  `user_id` int(20) DEFAULT NULL,
  `user_name` varchar(50) DEFAULT NULL,
  `login_ip` varchar(50) DEFAULT NULL,
  `login_address` varchar(50) DEFAULT NULL,
  `create_date` datetime DEFAULT NULL,
  PRIMARY KEY (`id`)
) ENGINE=InnoDB DEFAULT CHARSET=utf8;

/*Data for the table `login_log` */

/*Table structure for table `prize` */

DROP TABLE IF EXISTS `prize`;

CREATE TABLE `prize` (
  `id` int(20) NOT NULL AUTO_INCREMENT,
  `user_id` int(20) DEFAULT NULL,
  `ana_id` int(20) DEFAULT NULL,
  `create_date` datetime DEFAULT NULL,
  PRIMARY KEY (`id`)
) ENGINE=InnoDB AUTO_INCREMENT=2 DEFAULT CHARSET=utf8;

/*Data for the table `prize` */

insert  into `prize`(`id`,`user_id`,`ana_id`,`create_date`) values (1,15,319,'2019-08-30 13:48:22');

/*Table structure for table `user` */

DROP TABLE IF EXISTS `user`;

CREATE TABLE `user` (
  `id` int(20) NOT NULL AUTO_INCREMENT,
  `user_name` varchar(50) DEFAULT NULL,
  `user_password` varchar(50) DEFAULT NULL,
  `user_nick_name` varchar(50) DEFAULT '未来i',
  `user_mobile` varchar(50) DEFAULT NULL,
  `user_sex` int(1) DEFAULT '1',
  `user_signature` varchar(200) DEFAULT NULL,
  `create_date` datetime DEFAULT NULL,
  `user_disabled` int(1) DEFAULT '0',
  PRIMARY KEY (`id`)
) ENGINE=InnoDB AUTO_INCREMENT=19 DEFAULT CHARSET=utf8;

/*Data for the table `user` */

insert  into `user`(`id`,`user_name`,`user_password`,`user_nick_name`,`user_mobile`,`user_sex`,`user_signature`,`create_date`,`user_disabled`) values (1,'Mr丶Cps','123456','Mr丶Cps','18848848551',1,'这个世界不缺少浮躁的人.','2018-08-08 00:00:00',0),(2,'Ms丶Lina','123456','Ms丶Lina','16621701951',0,'未来i','2018-08-08 00:00:00',0),(3,'asd','3C69D6D47771C7D7671A5BF3C058E326','未来i','18848848551',1,NULL,'2019-08-20 11:35:41',0),(4,'aaa','E10ADC3949BA59ABBE56E057F20F883E','未来i','18848848551',1,NULL,'2019-08-20 11:37:14',0),(5,'bbb','E10ADC3949BA59ABBE56E057F20F883E','未来i','18848848551',1,NULL,'2019-08-20 11:38:00',0),(6,'JF001','F5BB0C8DE146C67B44BABBF4E6584CC0','未来i','18848848551',1,NULL,'2019-08-20 11:53:35',0),(7,'aaaa','0B4E7A0E5FE84AD35FB5F95B9CEEAC79','未来i','18848848551',1,NULL,'2019-08-20 11:57:25',0),(15,'18848848551','24F3ECC69BF402F5F22C614938036C25','未来i','18848848551',1,NULL,'2019-08-23 17:27:47',0),(16,'123456','E10ADC3949BA59ABBE56E057F20F883E','未来i','16621701951',1,NULL,'2019-08-24 11:17:23',0),(17,'123456','E10ADC3949BA59ABBE56E057F20F883E','未来i','16621701951',1,NULL,'2019-08-24 11:17:23',0),(18,'123123','4297F44B13955235245B2497399D7A93','未来i','16621701951',1,NULL,'2019-08-24 11:18:04',0);

/*Table structure for table `visit` */

DROP TABLE IF EXISTS `visit`;

CREATE TABLE `visit` (
  `id` int(20) NOT NULL AUTO_INCREMENT,
  `visit_ip` varchar(50) DEFAULT NULL,
  `visit_address` varchar(100) DEFAULT NULL,
  `visit_device` varchar(100) DEFAULT NULL,
  `create_date` datetime DEFAULT NULL,
  PRIMARY KEY (`id`)
) ENGINE=MyISAM AUTO_INCREMENT=59 DEFAULT CHARSET=utf8;

/*Data for the table `visit` */

insert  into `visit`(`id`,`visit_ip`,`visit_address`,`visit_device`,`create_date`) values (1,'115.60.6.63','中国 河南 郑州','Windows NT','2019-08-22 09:00:21'),(2,'61.129.6.251','中国 上海 上海','未知','2019-08-22 09:00:36'),(3,'115.60.6.63','中国 河南 郑州','Android','2019-08-22 09:01:46'),(4,'14.215.176.19','中国 广东 广州','Windows NT','2019-08-22 09:01:46'),(5,'117.136.104.253','中国 河南 郑州','Android','2019-08-22 09:02:00'),(6,'116.231.1.67','中国 上海 上海','iPhone','2019-08-22 09:02:31'),(7,'116.231.1.67','中国 上海 上海','Windows NT','2019-08-22 16:56:39'),(8,'112.65.0.181','中国 上海 上海','iPhone','2019-08-22 19:32:41'),(9,'192.168.2.2','内网IP','Windows NT','2019-08-23 15:27:12'),(10,'192.168.2.113','内网IP','iPhone','2019-08-23 17:07:36'),(11,'116.231.1.67','XX XX','Windows NT','2019-08-23 18:10:55'),(12,'116.231.1.67','中国 上海 上海','iPhone','2019-08-23 18:11:08'),(13,'116.231.1.67','XX XX','Windows NT','2019-08-23 18:11:19'),(14,'223.104.213.59','XX XX','iPhone','2019-08-23 18:20:16'),(15,'223.104.213.59','XX XX','iPhone','2019-08-23 18:37:48'),(16,'223.104.213.59','XX XX','iPhone','2019-08-23 18:38:29'),(17,'223.104.213.59','中国 上海 上海','iPhone','2019-08-23 18:38:32'),(18,'112.65.0.181','中国 上海 上海','Windows NT','2019-08-23 20:53:57'),(19,'112.65.0.181','中国 上海 上海','iPhone','2019-08-23 20:54:32'),(20,'101.80.198.138','中国 上海 上海','Android','2019-08-23 20:54:41'),(21,'101.80.198.138','中国 上海 上海','Android','2019-08-23 20:55:29'),(22,'101.80.198.138','XX XX','Android','2019-08-23 20:55:35'),(23,'101.80.198.138','XX XX','Android','2019-08-23 20:55:45'),(24,'112.65.0.181','中国 上海 上海','iPhone','2019-08-24 00:01:46'),(25,'192.168.2.2','内网IP','Windows NT','2019-08-24 10:57:22'),(26,'192.168.2.2','内网IP','Windows NT','2019-08-24 11:49:11'),(27,'112.65.0.181','中国 上海 上海','Windows NT','2019-08-24 13:54:47'),(28,'112.65.0.181','中国 上海 上海','Windows NT','2019-08-24 13:54:55'),(29,'192.168.2.2','内网IP','Windows NT','2019-08-25 15:02:08'),(30,'192.168.2.2','内网IP','Windows NT','2019-08-25 15:15:50'),(31,'192.168.2.2','内网IP','Windows NT','2019-08-25 15:15:51'),(32,'192.168.2.2','内网IP','Android','2019-08-25 15:16:03'),(33,'192.168.2.2','内网IP','Windows NT','2019-08-25 15:16:42'),(34,'192.168.2.2','内网IP','Windows NT','2019-08-25 17:08:29'),(35,'192.168.2.2','内网IP','Windows NT','2019-08-25 17:09:02'),(36,'112.64.1.69','中国 上海 上海','Windows NT','2019-08-25 18:00:15'),(37,'101.80.198.138','XX XX','Windows NT','2019-08-25 19:31:36'),(38,'116.231.1.67','中国 上海 上海','Windows NT','2019-08-27 09:10:37'),(39,'101.87.189.169','中国 上海 上海','Windows NT','2019-08-27 20:09:25'),(40,'223.104.212.110','中国 上海 上海','iPhone','2019-08-29 21:15:20'),(41,'223.104.212.110','中国 上海 上海','iPhone','2019-08-29 21:15:54'),(42,'223.104.212.110','XX XX','iPhone','2019-08-29 21:16:19'),(43,'101.91.62.99','XX XX','Windows NT','2019-08-29 21:16:37'),(44,'116.226.1.249','中国 上海 上海','Windows NT','2019-08-30 08:18:21'),(45,'192.168.2.3','内网IP','Windows NT','2019-08-30 08:42:31'),(46,'192.168.2.120','内网IP','iPhone','2019-08-30 09:03:35'),(47,'192.168.2.120','内网IP','iPhone','2019-08-30 09:12:50'),(48,'192.168.2.120','内网IP','iPhone','2019-08-30 09:22:07'),(49,'192.168.2.3','内网IP','Windows NT','2019-08-30 09:33:03'),(50,'192.168.2.3','内网IP','Windows NT','2019-08-30 09:38:22'),(51,'192.168.2.3','内网IP','Windows NT','2019-08-30 09:41:15'),(52,'192.168.2.120','内网IP','iPhone','2019-08-30 11:01:21'),(53,'192.168.2.120','内网IP','iPhone','2019-08-30 11:04:22'),(54,'192.168.2.3','内网IP','Windows NT','2019-08-30 13:16:05'),(55,'192.168.2.3','内网IP','iPhone','2019-08-30 13:35:34'),(56,'192.168.2.3','内网IP','iPhone','2019-08-30 13:35:53'),(57,'192.168.2.3','内网IP','iPhone','2019-08-30 13:43:11'),(58,'192.168.2.110','内网IP','iPhone','2019-08-30 13:55:44');

/*!40101 SET SQL_MODE=@OLD_SQL_MODE */;
/*!40014 SET FOREIGN_KEY_CHECKS=@OLD_FOREIGN_KEY_CHECKS */;
/*!40014 SET UNIQUE_CHECKS=@OLD_UNIQUE_CHECKS */;
/*!40111 SET SQL_NOTES=@OLD_SQL_NOTES */;
