/*
SQLyog Ultimate v8.32 
MySQL - 5.1.73 : Database - cloud_wall
*********************************************************************
*/

/*!40101 SET NAMES utf8 */;

/*!40101 SET SQL_MODE=''*/;

/*!40014 SET @OLD_UNIQUE_CHECKS=@@UNIQUE_CHECKS, UNIQUE_CHECKS=0 */;
/*!40014 SET @OLD_FOREIGN_KEY_CHECKS=@@FOREIGN_KEY_CHECKS, FOREIGN_KEY_CHECKS=0 */;
/*!40101 SET @OLD_SQL_MODE=@@SQL_MODE, SQL_MODE='NO_AUTO_VALUE_ON_ZERO' */;
/*!40111 SET @OLD_SQL_NOTES=@@SQL_NOTES, SQL_NOTES=0 */;
CREATE DATABASE /*!32312 IF NOT EXISTS*/`cloud_wall` /*!40100 DEFAULT CHARACTER SET utf8 COLLATE utf8_unicode_ci */;

USE `cloud_wall`;

/*Table structure for table `ana` */

DROP TABLE IF EXISTS `ana`;

CREATE TABLE `ana` (
  `id` int(20) NOT NULL AUTO_INCREMENT,
  `user_id` int(20) DEFAULT NULL,
  `ana_type_id` int(20) DEFAULT NULL,
  `ana_title` varchar(50) DEFAULT NULL,
  `ana_content` text,
  `comment_num` int(20) DEFAULT '0',
  `prize_num` int(20) DEFAULT '0',
  `create_date` datetime DEFAULT NULL,
  PRIMARY KEY (`id`)
) ENGINE=InnoDB AUTO_INCREMENT=315 DEFAULT CHARSET=utf8;

/*Data for the table `ana` */

insert  into `ana`(`id`,`user_id`,`ana_type_id`,`ana_title`,`ana_content`,`comment_num`,`prize_num`,`create_date`) values (1,2,3,'这就是苦逼的我','爸:这就是苦逼的我\r\n十几岁就出来挣钱，从一无所直，发展到身无分文，再从身无分文拼搏到负债累累，这就是我，不一样的烟火，我就是我，我看到自己都冒.....\r\n\r\n妈:我看到你更冒火',0,0,'2019-07-08 00:00:00'),(3,2,1,'很多话还没说','在一个婚礼上，一个小孩问他妈妈“为什么新娘姐姐在哭啊？”\r\n他妈妈说“可能他觉得很幸福吧又或者时没有嫁给十七岁想嫁给的那个人”',0,0,'2019-07-08 00:00:00'),(4,2,1,'爱是什么','有一天我问一个小男孩，爱是什么？小男孩想了一下说：爱就像狗狗舔你的手 。\r\n我听完笑了笑，果然只是个孩子，转身走时，背后小男孩接着说：即使你已经不要它了',0,0,'2019-07-08 00:00:00');
insert  into `ana`(`id`,`user_id`,`ana_type_id`,`ana_title`,`ana_content`,`comment_num`,`prize_num`,`create_date`) values (5,2,1,'前人栽树 后人乘凉','感情有时候就是 前人栽树后人乘凉的过程\r\n可是我教你学会爱 不是叫你去爱别人的',0,0,'2019-07-08 00:00:00'),(6,2,1,'凉','你知道吗？\r\n为什么现在的男生撩着撩着就不理你了？\r\n因为他们是大面积撒网，选择性捕捞\r\n最后...你被放生了\r\n为什么一个男生追着追着你就不理你了\r\n是大面积撒网，你被放生了吗？\r\n可能...可能是他追你的时候，你一点回应都没有\r\n他心凉了...\r\n假如你当初能给他那么一点点一点点的温柔\r\n你现在可能还是他现在手中的那个小公主，真的',0,0,'2019-07-12 00:00:00'),(7,2,1,'拥有','上天不给我的，无论我十指怎样紧扣，仍然走漏；\r\n给我的，无论过去我怎么失手，都会拥有。',0,0,'2019-07-12 00:00:00');
insert  into `ana`(`id`,`user_id`,`ana_type_id`,`ana_title`,`ana_content`,`comment_num`,`prize_num`,`create_date`) values (8,2,1,'有多伟大就有多卑微','楼下听到一个女孩子哭着打电话:“为什么不接我的电话为什么不理我?\"\r\n以为又是个电话查岗女朋友，走过她身边时，听到她带着哭腔说:\r\n“你要说分手你就好好说啊，不要不接电话，别人会担心你的安全知道吗，\r\n你开车又爱走神，我好害怕你出事，分手就分啊你不要吓我.\"感情啊，有多伟大就有多卑微。\r\n',0,0,'2019-07-12 00:00:00'),(9,2,1,'理想','家人围着6岁的儿子问他的理想，儿子说他想当医生。\r\n外婆说医生好，社会地位高。奶奶说待遇也不错。爷爷说除了工资还有其他的收入呢！外公说更重要的是以后找对象方便。\r\n爸爸听后，满意地问儿子为什么想当医生。他说：“不是说医生可以治病救人吗？”',0,0,'2019-07-12 00:00:00');
insert  into `ana`(`id`,`user_id`,`ana_type_id`,`ana_title`,`ana_content`,`comment_num`,`prize_num`,`create_date`) values (10,2,1,'听','五年前，我听周杰伦；三年前，我听陈奕迅；\r\n现在我听民谣。以前听歌，听旋律，后来，听歌词，现在，听故事。',0,0,'2019-07-15 00:00:00'),(11,2,1,'再见','我想 我们的关系应该是这样的 \r\n如果余生你不主动找我 我这辈子都不会再与你有交集 \r\n但只要你与我说话 我看见了一定秒回 或者你说想见我 \r\n就算是刀山火海也要以最快的速度出现在你的面前 但你不找我 我应该真的不会出现在你的世界里了',0,0,'2019-07-15 00:00:00'),(12,2,1,'说如果说像我 为什么不是我呢','希望她最后嫁一个像我一样的人  \r\n这样她就会永远记住我了   又害怕  \r\n她最后嫁一个像我一样的人  说如果说像我  为什么不是我呢',0,0,'2019-07-15 00:00:00');
insert  into `ana`(`id`,`user_id`,`ana_type_id`,`ana_title`,`ana_content`,`comment_num`,`prize_num`,`create_date`) values (13,2,1,'甘蔗男','现在的男生真的太惨了\r\n不会撩人吧，被说成直男\r\n会撩人吧，又被说成渣男\r\n对女孩子好吧，就成了中央空调\r\n对女孩子不好吧，就被人骂成狗\r\n有呼吸=渣男  没呼吸=死渣男',0,0,'2019-07-15 00:00:00'),(14,2,1,'轻易代替','难过不是你和别人好\r\n是看到别人那么容易就可以代替我的存在\r\n对我来说没有人可以像你\r\n对你来说每个人都可以是我\r\n',0,0,'2019-07-15 00:00:00'),(15,2,3,'可爱','我现在就是小可爱，长大就是大可爱，\r\n老了就是老可爱，死了就是可爱死了',0,0,'2019-07-18 00:00:00'),(16,2,2,'算了','\"算了\" 这两个字里包含了多少失望与自嘲，别人是不会明白的',0,0,'2019-07-18 00:00:00');
insert  into `ana`(`id`,`user_id`,`ana_type_id`,`ana_title`,`ana_content`,`comment_num`,`prize_num`,`create_date`) values (17,2,2,'大雄','生活，比漫画残忍一百倍。它在你身边安排了无数喜欢欺负你的胖虎，\r\n无数喜欢嘲笑你的小夫，和一个你难以追上的静香，却从来没想过要送你一只真正的机器猫。',0,0,'2019-07-18 00:00:00'),(18,2,1,'微弱亮光','阿信在演唱会上唱温柔 他说:“你们带电话了吗 拿出来 打给你们喜欢的人 我唱温柔给他听\r\n”全世界都暗了 只剩下全场观众手机屏幕发出的微弱亮光 那些亮光链接着自己和喜欢的人',0,0,'2019-07-18 00:00:00');
insert  into `ana`(`id`,`user_id`,`ana_type_id`,`ana_title`,`ana_content`,`comment_num`,`prize_num`,`create_date`) values (19,2,1,'我懂了','昨天进了他空间，与现任笑颜如花，我默默改了个签名\r\n“你过的好我会心疼我自己，你过的不好我又心疼你，希望你过的好但别让我知道”\r\n访客记录显示他访问9遍，后来再进他空间他对我设了限权，他懂了',0,0,'2019-07-21 00:00:00'),(20,2,1,'只是你永远不知道罢了','我有一个室友，挺胖，总是很晚才睡，有一次我随口问他为什么每天这么晚睡。\r\n他笑了笑：因为我打呼噜很大声音，我怕我先睡着了，会吵着你们休息。\r\n突然感觉什么东西一下就击中了心脏，总有好多好多人他们有好多好多的好，只是你永远不知道罢了',0,0,'2019-07-21 00:00:00');
insert  into `ana`(`id`,`user_id`,`ana_type_id`,`ana_title`,`ana_content`,`comment_num`,`prize_num`,`create_date`) values (21,2,1,'歪歪歪','歪歪歪？你去接别的小朋友回家吧，她比我漂亮比我可爱比我聪明，最重要的是她对你来说比我重要。\r\n你也说她比我还要喜欢你哎。我没关系的，\r\n你不在的这些日子里我长大啦，我能自己回家啦。\r\n虽然很想很想你，很喜欢很喜欢你不管你知不知道，你以前说超级喜欢我的，怎么就突然不喜欢了。',0,0,'2019-07-21 00:00:00'),(22,2,1,'小丑的微笑','一次表演，小丑不小心从舞台上摔下来，牙齿被摔掉了很多颗，\r\n满脸是血，很疼，表情很扭曲。全场观众大笑，\r\n因为他得表演真的很精彩，很夸张，道具做的非常好。\r\n只有一个小女孩拉拉她妈妈的衣袖说：“妈妈，小丑哭了。”但没人听见，一个也没有。',0,0,'2019-07-21 00:00:00');
insert  into `ana`(`id`,`user_id`,`ana_type_id`,`ana_title`,`ana_content`,`comment_num`,`prize_num`,`create_date`) values (23,2,1,'暖阳','三年级，我小学成绩最差的时候。老师布置了一个作文，题目叫为妈妈做的早餐。\r\n我实在想不出素材，我想只能亲身实践才有素材，\r\n周六一大早，我偷偷早起，踩着凳子笨拙煮好粥，煎了一个完美的鸡蛋和两根火腿肠。\r\n跑到书房开电脑，找到这首歌（听妈妈的话），我妈一起床刚出房门，我就点下播放按钮。然后她就站在那哭了。。',0,0,'2019-07-21 00:00:00'),(24,2,3,'气喘吁吁','今天下班回家敲门，半天老婆散着头发穿着睡衣开门了，气喘吁吁的叫我买瓶洗发水在回来，\r\n还多给我了100叫我买2包好烟抽，自从钱包被收了后，老婆好久没给过我多余的零花钱了，老婆真好！我开心的去超市了',0,0,'2019-07-21 00:00:00');
insert  into `ana`(`id`,`user_id`,`ana_type_id`,`ana_title`,`ana_content`,`comment_num`,`prize_num`,`create_date`) values (25,2,2,'何曾不想','每当有人问起，为什么我不恋爱的时候，我都以麻烦为由搪塞过去。\r\n又有人开始问我到底喜欢过谁没有，我也轻描淡写地表示否定。\r\n无数的朋友告诉我，或许是你还没碰到过真正喜欢的人吧，\r\n我却没法开口告诉他们，其实我曾经碰到过，碰得太早，以至于我没来得及分清，也没来得及弄明白。',0,0,'2019-07-25 00:00:00');
insert  into `ana`(`id`,`user_id`,`ana_type_id`,`ana_title`,`ana_content`,`comment_num`,`prize_num`,`create_date`) values (26,2,1,'晚点也没关系','总嚷嚷着要找对象，可是从来没有主动过 \r\n我害怕快餐爱情，害怕分开，害怕最后我认真了别人却只是敷衍 所以我等，\r\n等一个到最后还在我身边的人，我坚持或者偏执的相信有一个人会看穿我假装的冷漠，\r\n真正的靠近我留在我身边爱着我也给我一个机会去爱她 如果最后能在一起，那么晚点也没关系。',0,0,'2019-07-25 00:00:00'),(27,2,1,'当然厉害','爸爸：儿子你觉得爸爸壮吗？\r\n儿：嗯。\r\n爸爸：你觉得少林功夫厉害吗？\r\n儿子：厉害。\r\n爸爸：如果我剃成光头，练少林功夫好吗？\r\n儿子拍手：太好了。\r\n第二天，儿子看到光头的爸爸，高兴地说：爸爸加油，一定要练成高手。\r\n那天，是爸爸化疗的第一天',0,0,'2019-07-25 00:00:00');
insert  into `ana`(`id`,`user_id`,`ana_type_id`,`ana_title`,`ana_content`,`comment_num`,`prize_num`,`create_date`) values (28,2,3,'生活还是蛮和谐的','今天我让媳妇看这个视频，她竟然说不搞笑，我当时就跟她吵了起来，\r\n可后来我就想: 我一个大男人，为什么要和一个女人计较，更何况还是自己的媳妇! 我当时就道歉了道完歉，\r\n媳妇也很高兴，她把手里的菜刀放下了，她妹妹抓着我头发的手也松开了，\r\n她哥手里的砖头放下了，她弟弟手里的铁楸也放下了，丈母娘手里的擀面杖也扔了，\r\n老丈人拿出手机说道: 棺材还退回去吧。看看，只要多沟通，生活还是蛮和谐的',0,0,'2019-07-25 00:00:00'),(29,2,2,'向来心是看客心','海底月是天上月，眼前人是心上人 \r\n向来心是看客心，奈何人是剧中人 \r\n山有木兮木有枝，心悦君兮君不知 ',0,0,'2019-07-25 00:00:00');
insert  into `ana`(`id`,`user_id`,`ana_type_id`,`ana_title`,`ana_content`,`comment_num`,`prize_num`,`create_date`) values (30,2,1,'为什么最后消失的是我','明明我先找到那个孩子的，明明我先认出她的，明明我先爱上她的。但是，为什么最后消失的是我。',0,0,'2019-07-25 00:00:00'),(31,2,3,'小动物','并不是所有女生都喜欢钱 还有一些善良的女生也喜欢小动物 比如路虎 宝马 捷豹啊 还有天猫',0,0,'2019-07-25 00:00:00'),(33,2,3,'要找自己喜欢的','找男朋友不一定找有钱的 但一定要找自己喜欢的\n那你喜欢什么样的   我喜欢有钱的',0,0,'2019-07-31 00:00:00'),(34,2,1,'前人栽树 后人乘凉','感情有时候就是\n前人栽树后人乘凉的过程\n可是我教你学会爱  不是叫你去爱别人的',0,0,'2019-07-31 00:00:00');
insert  into `ana`(`id`,`user_id`,`ana_type_id`,`ana_title`,`ana_content`,`comment_num`,`prize_num`,`create_date`) values (35,2,2,'你已经知道了答案','当你不确定做一件事情的时候，你可以选择抛硬币，当你想要抛第二次的时候，你已经知道了答案',0,0,'2019-07-31 00:00:00'),(37,2,3,'婴儿车','和朋友吃饭时旁边的婴儿一直哭，搞得我很烦。朋友看出了我的烦躁，说大家都不容易，让我尽量换位思考一下就能理解了。现在我坐在了婴儿车里，还是觉得有点烦',0,0,'2019-07-31 00:00:00');
insert  into `ana`(`id`,`user_id`,`ana_type_id`,`ana_title`,`ana_content`,`comment_num`,`prize_num`,`create_date`) values (38,2,1,'我他妈做梦都想娶你啊','那天和朋友在美食街酒吧喝酒，街的背后是个大饭店，一条街停满了贴着囍的车，一个穿西装的男人，走进来坐在我们后排，我看见他半笑着扯下胸口的伴郎胸牌，一个人喝了大概三打酒，拿出手机大声的喊着，好像是外省的，听了两边才听懂，我他妈做梦都想娶你啊，手机是黑着的，和眼泪一样没有一点呼吸。',0,0,'2019-07-31 00:00:00');
insert  into `ana`(`id`,`user_id`,`ana_type_id`,`ana_title`,`ana_content`,`comment_num`,`prize_num`,`create_date`) values (39,2,2,'野心 才华','我很喜欢这段话：当你的才华还撑不起你的野心的时候，你就应该静下心来学习；当你的能力还驾驭不了你的目标时，就应该沉下心来，历练；梦想，不是浮躁，而是沉淀和积累，只有拼出来的美丽，没有等出来的辉煌，机会永远是留给最渴望的那个人，学会与内心深处的你对话，问问自己，想要怎样的人生，静心学习，耐心沉淀。',0,0,'2019-07-31 00:00:00'),(41,2,2,'我只知道 你是我的朋友','高考过后你不用告诉我考了多少分 喜悲之后也不用说志愿填了什么 只要告诉我最后去了哪 我要找你要坐多久的火车 在此停留可否蹭口饭吃 一本二本三本我分不清 我只知道 你是我的朋友',0,0,'2019-07-31 00:00:00');
insert  into `ana`(`id`,`user_id`,`ana_type_id`,`ana_title`,`ana_content`,`comment_num`,`prize_num`,`create_date`) values (42,2,1,'自我保护方式','向来比较擅长的自我保护方式是，一旦觉察到对方的冰冷态度就自觉退避三舍，从来不会想要去捂热这段关系。就跟趋利避害似的，惯性的只想靠近温暖的人。',0,0,'2019-07-31 00:00:00'),(43,2,1,'我也很难过','女朋友非要我陪她看《前任3》，结果看的时候，她全程看我的反应，呵呵，久经沙场这么多年，厨房少一把刀我会不知道吗？',0,0,'2019-07-31 00:00:00'),(44,2,2,'不用再等了','“有人说，如果你很想要一样东西，就放它走，如果它回来找你，那么它永远都是你的，要是它没有回来，那么不用再等了，因为它根本就不是你的……” ',0,0,'2019-08-01 00:00:00');
insert  into `ana`(`id`,`user_id`,`ana_type_id`,`ana_title`,`ana_content`,`comment_num`,`prize_num`,`create_date`) values (45,2,2,'他觉得没有你 他会过得更好','那些离开你的人 无论当初是出于什么原因离开的 也许他犹豫过挣扎过不舍过 但至少在他决定要走的那一瞬间 他觉得没有你 他会过得更好. ',0,0,'2019-08-01 00:00:00'),(46,2,2,'特别的你','斑马真的很喜欢长颈鹿 她觉得长颈鹿特别特别的帅 可他又老是觉得自己配不上长颈鹿 她觉得长颈鹿喜欢美丽的白马 所以啊 他就把自己身上的斑纹化成白色 他告诉长颈鹿她是一匹白马 又和长颈鹿成了朋友 可有一天长颈鹿告诉她 以前常有一只可爱的斑马 可后来怎么没见她 他真的好喜欢那个可爱的小斑马',0,0,'2019-08-01 00:00:00');
insert  into `ana`(`id`,`user_id`,`ana_type_id`,`ana_title`,`ana_content`,`comment_num`,`prize_num`,`create_date`) values (47,2,1,'被抛弃了','你有没有那种在某一个时刻感觉被全世界抛弃了，窗外家家户户的灯光很热闹，电视里的综艺节目很热闹，微博上很热闹，聊天群组不停的提示新消息，但是你感觉被排除在这些热闹之外，你很想参与进去，手机打了几个字又逐个删掉，想想算了，拉上窗帘，关掉电视。',0,0,'2019-08-01 00:00:00'),(48,2,2,'明白了生活 懂得了自己','你要相信 ，你生命里遇到的每个人每件事 都有它的价值和意义 ，有些人教会你爱 有些事教会你成长， 哪怕只是浅浅在你的路途中留下印记 也是一笔难能可贵的财富 ，至少在曾经某个时刻 ，你明白了生活 你懂得了自己。',0,0,'2019-08-01 00:00:00');
insert  into `ana`(`id`,`user_id`,`ana_type_id`,`ana_title`,`ana_content`,`comment_num`,`prize_num`,`create_date`) values (49,2,1,'选择性捕捞？','你知道吗？\n为什么现在的男生撩着撩着就不理你了？\n因为他们是大面积撒网，选择性捕捞\n最后...你被放生了\n为什么一个男生追着追着你就不理你了\n是大面积撒网，你被放生了吗？\n可能...可能是他追你的时候，你一点回应都没有\n他心凉了...\n假如你当初能给他那么一点点一点点的温柔\n你现在可能还是他现在手中的那个小公主，真的',0,0,'2019-08-01 00:00:00'),(50,2,3,'手头有点紧','我：老妈，最近我手头有点紧。 老妈：那就挂了吧，省电话费。 我：你忘了啊，我们是亲情号，不用钱的。 老妈：那你省点电吧，充电也需要花钱。 我：我住宿舍，不交电费的。 老妈：那你省点力气吧，说话多了，容易，饿。',0,0,'2019-08-01 00:00:00');
insert  into `ana`(`id`,`user_id`,`ana_type_id`,`ana_title`,`ana_content`,`comment_num`,`prize_num`,`create_date`) values (51,2,3,'气喘吁吁','我昨晚两点多给你打电话，你喘着气说\n在跑步，然后我听到啪啪啪的声音，你说你穿着拖鞋跑，旁边还有个男人喘着气说我要冲刺了，结果我听到了你啊~哦~嗯的声音，你说你扭到脚了，今晚别处去跑步了好吗，我给你买了台跑步机。',0,0,'2019-08-01 00:00:00'),(52,2,1,'很长很长的梦','昨天夜里做了个梦 思绪翻涌躺在床上醒来后发现眼泪止不住的往外流 脑袋放空后也不知道自己在哭什么 但眼泪还是在继续往外流 眼腺级度膨胀 压抑在心底的终于释放 说不出的感觉 就是难过',0,0,'2019-08-01 00:00:00');
insert  into `ana`(`id`,`user_id`,`ana_type_id`,`ana_title`,`ana_content`,`comment_num`,`prize_num`,`create_date`) values (53,2,3,'做梦','有一回我做梦，梦到我变成了一颗树，其实做树还是很带劲的，狗在我身上撒尿，鸟在我头上拉屎，人喝醉了还吐我一身。也不是没有好事，我面前长出了一朵小花，我愿意为它遮风挡雨一生一世，春天到了，它却受了别人的花粉，整个树叶都是绿色的。',0,0,'2019-08-01 00:00:00'),(54,2,1,'主动联系','几乎不会主动联系任何人 哪怕心里再想 也绝对不会主动去联系 这是高傲么 不 这是自卑 因为怕高估了自己在别人心中的位置 怕别人没那么喜欢 害怕受伤 害怕出丑 害怕被拒绝 所以 把自己伪装成一个被动高傲从不主动的人 高冷的自卑患者 大抵都是如此. ',0,0,'2019-08-06 00:00:00');
insert  into `ana`(`id`,`user_id`,`ana_type_id`,`ana_title`,`ana_content`,`comment_num`,`prize_num`,`create_date`) values (55,2,1,'曾经是，以后也是','我告诉你我喜欢你，我并不是一定要和你在一起，只是希望今后的你，在遭遇人生低谷的时候，不要灰心，至少曾经有人被你的魅力所吸引，曾经是，以后也是',0,0,'2019-08-06 00:00:00');
insert  into `ana`(`id`,`user_id`,`ana_type_id`,`ana_title`,`ana_content`,`comment_num`,`prize_num`,`create_date`) values (56,2,2,'无问西东','\n看见的和听到的\n经常会令你们沮丧\n世俗是这样强大 \n强大到生不出改变它们的念头\n可是如果有机会 \n提前了解了你们的人生\n你是否还会有勇气前来\n如果知道青春也不过只有这些日子\n不知你们是否还会在意 \n那些世俗希望你们在意的事情\n比如占有多少才更荣耀\n拥有什么才能被爱\n等你们长大，你们会 \n因为绿芽冒出土地而喜悦\n会对初升的朝阳欢呼跳跃\n你会给别人善意和温暖。\n但是却会在赞美别的生命的同时，\n常常甚至永远的忘了自己的珍贵。',0,0,'2019-08-06 00:00:00'),(57,2,1,'陈独秀','也不知道哪来的自信，一天不好好学习无所事事的，但总感觉自己有一天会赚大钱。而且这种感觉还他妈异常强烈',0,0,'2019-08-06 00:00:00');
insert  into `ana`(`id`,`user_id`,`ana_type_id`,`ana_title`,`ana_content`,`comment_num`,`prize_num`,`create_date`) values (58,2,4,'无问西东','你一生所要追求的功名利禄，没有什么是你的祖上没经历过的，那些只不过是人生的幻光。',0,0,'2019-08-06 00:00:00'),(59,2,4,'无问西东','看见的和听到的\n经常会令你们沮丧\n世俗是这样强大 \n强大到 生不出改变它们的念头\n可是如果有机会 \n提前了解了你们的人生\n你是否还会有勇气前来\n如果知道青春也不过只有这些日子\n不知你们是否还会在意 \n那些世俗希望你们在意的事情\n比如占有多少才更荣耀\n拥有什么才能被爱\n等你们长大，你们会 \n因绿芽冒出土地而喜悦\n会对初升的朝阳欢呼跳跃\n你会给别人善意和温暖。\n但是却会在赞美别的生命的同时，\n常常甚至永远的忘了自己的珍贵。\n',0,0,'2019-08-06 00:00:00');
insert  into `ana`(`id`,`user_id`,`ana_type_id`,`ana_title`,`ana_content`,`comment_num`,`prize_num`,`create_date`) values (61,2,4,'人性的弱点','如果你一直是个好人，某天不小心做了一件坏事，大家会说，原来这人不咋地，平时挺会演啊。如果你一直是个坏人呢，某天做了件好事，大家会说，其实这人挺好的，以前没看出来。你说这是不是很狗 血？',0,0,'2019-08-06 00:00:00'),(62,2,2,'喜剧 悲剧','周星驰说过这样一句话：“我拍了很多悲剧，但你们都说那是喜剧。”是啊，这世上有太多南辕北辙。好恶之于你我，不过是两岸灯火。就像你喜欢拈花浅笑，而我喜欢把酒度宵。你喜欢荒凉大漠的广浩，而我偏爱这入目成诗的枯槁。就像是，你生活且还如意，而谈及我时，我只说了一句“别问了，过得不好。”',0,0,'2019-08-06 00:00:00');
insert  into `ana`(`id`,`user_id`,`ana_type_id`,`ana_title`,`ana_content`,`comment_num`,`prize_num`,`create_date`) values (63,2,3,'单身狗的清香','全世界都弥漫着恋爱的酸臭味，\n只有你散发着单身狗的清香。\n自从你妈知道了单身狗这个词，\n她都快忘记你叫什么名字了。',0,0,'2019-08-06 00:00:00'),(64,2,1,'你很努力了，可以好好休息了','好想被人抱抱啊，不带任何想法的，只是因为心疼我，觉得我该休息了，然后在我措不及防的时候拥我入怀，揉揉我的头发告诉我，已经够了，你很努力了，可以好好休息了',0,0,'2019-08-06 00:00:00'),(65,2,1,'醉生梦死','从前以为得到你是美丽现实  现在认为是白日之梦\n此刻倒在厕所里倾吐胃里的酒精   愿我们各自安好',0,0,'2019-08-06 00:00:00');
insert  into `ana`(`id`,`user_id`,`ana_type_id`,`ana_title`,`ana_content`,`comment_num`,`prize_num`,`create_date`) values (66,2,2,'抛硬币','\n当你不确定做一件事情的时候，你可以选择抛硬币，当你想要抛第二次的时候，你已经知道了答案',0,0,'2019-08-08 00:00:00'),(67,2,2,'80000','可能你见过我一丝不挂的样子（80000）但你一定没见过我穿婚纱的样子。',0,0,'2019-08-08 00:00:00'),(68,2,1,'我不要了，都不要了​​​​','你可以不在乎我的感受;也可以不在乎我的热情，甚至可以不用理会我的沮丧和难过每个人的付出都是有限的我输的很惨，就是很惨。所以我不要了，都不要了​​​​',0,0,'2019-08-08 00:00:00');
insert  into `ana`(`id`,`user_id`,`ana_type_id`,`ana_title`,`ana_content`,`comment_num`,`prize_num`,`create_date`) values (69,2,1,'亲爱的陌生人​​​​','那些翻着评论却不评论的人或许才是真的孤独寂寞的人 路过的陌生人 愿你贪吃不胖 懒惰不丑 愿有人爱你如初 疼你入骨 从此深情不被辜负 余生有人陪 祝你幸福 ，亲爱的陌生人​​​​',0,0,'2019-08-08 00:00:00'),(70,2,2,'庸医','时间是个庸医 却能包治百病',0,0,'2019-08-08 00:00:00'),(71,2,2,'《师说》','是故弟子不必不如师，师不必贤于弟子，闻道有先后，术业有专攻，如是而已。',0,0,'2019-08-08 00:00:00'),(74,2,1,'有所意义','梦想还是要有的 虽然没什么用 但毕竟不占地方 有所得意义 无所谓方向 带着你和梦想 逃之夭夭 然后爱上你那不可一世的模样.',0,0,'2019-08-08 00:00:00');
insert  into `ana`(`id`,`user_id`,`ana_type_id`,`ana_title`,`ana_content`,`comment_num`,`prize_num`,`create_date`) values (75,2,1,'苦尽甘来','你眼里有春有秋 \n胜过我见过爱过的山川河流\n希望我们都是苦尽甘来的人\n但愿殊途同归 你能与我讲讲来时的路.  ',0,0,'2019-08-08 00:00:00'),(76,2,1,'单身狗清香','恋爱的酸臭味，只有我散发着单身狗的',0,0,'2019-08-08 00:00:00'),(77,2,3,'了不起','你在漂亮，我也是你得不到的男人。我起码还能看看你，你连看我的机会都没有，这就是差距。',0,0,'2019-08-08 00:00:00'),(78,2,1,'不论现在还是将来','不论现在还是将来，都希望你能被好好对待。遇见的困难或问题总能解决，喜欢的事物不会错过，喜欢的人也恰巧在身边。夏天有凉风相伴，冬天有暖阳照耀。',0,0,'2019-08-08 00:00:00');
insert  into `ana`(`id`,`user_id`,`ana_type_id`,`ana_title`,`ana_content`,`comment_num`,`prize_num`,`create_date`) values (79,2,1,'否定','我把这首歌推荐给她，她听都没听，说看歌名，就不好听，这就像你看都不看我，就否定了我的全部',0,0,'2019-08-08 00:00:00'),(80,2,1,'未来i','我什么都没有\n但有一个不确定的明天和一个不知道的未来',0,0,'2019-08-09 00:00:00'),(81,2,1,'最近流行的一段话','\n最近流行的一段话：“如果我用你待我的方式来待你 恐怕你早已离去”好好体会这句话 适合任何关系  凡事换个角度 假如你是我 你未必有我大度',0,0,'2019-08-09 00:00:00'),(83,2,2,'选择','哈利波特里面邓布利多校长和哈利说的一句话:在人世当中，我们面临的大部分的选择并不是，the right way or the wrong way，而是 the right way  or  the easy way 正确的，还是容易的',0,0,'2019-08-09 00:00:00');
insert  into `ana`(`id`,`user_id`,`ana_type_id`,`ana_title`,`ana_content`,`comment_num`,`prize_num`,`create_date`) values (85,2,2,'Author','Author QQ:1402333029',0,0,'2019-08-09 00:00:00'),(86,2,1,'我没有进过大学校园','我没有进过大学校园，甚至高中校园也没有踏进过一步，但我也有青春，我的青春流逝在城市里，当你们还在英语课堂上睡觉时，我已经在高楼大厦间穿梭。当你们还在校园的林荫小路上与他（她）肩并肩经过一片片落叶时，我已经在考虑明天的温饱，这就是我的青春，充满了现实、残酷、窒息，但也有着不屈和勇敢\n',0,0,'2019-08-09 00:00:00');
insert  into `ana`(`id`,`user_id`,`ana_type_id`,`ana_title`,`ana_content`,`comment_num`,`prize_num`,`create_date`) values (87,2,2,'在做决定之后','在做决定之后，就给自己一个时间期限。这段时间内，把你的纠结和不安都扔掉，把你的半途而废丢在过去，把你的抱怨和难堪都吞在肚子里。在这段时间里，你必须和过去的你告别，打败那个懒惰赖床的你，打败那个行动永远跟不上想法的你。至于时间期限有多长，我想你比谁都清楚这点。',0,0,'2019-08-09 00:00:00');
insert  into `ana`(`id`,`user_id`,`ana_type_id`,`ana_title`,`ana_content`,`comment_num`,`prize_num`,`create_date`) values (88,2,1,'俗人','做个俗人，不谈亏欠，不负遇见。做个俗人，没心没肺。没感情。安稳自由，谈笑风生。做个俗人，只沾酒沾烟，不染感情。做个俗人，忘南不归。做个俗人，贪财好色，一身正气。做个俗人，你我无心，永不用心。从此寻花问柳，闭口不谈一生厮守。从此红灯绿酒，再也不掐牵谁的手。从此人海漂流，闭口不谈爱到白头。从此单打独斗，再也不会彻夜泪流。从此放下离愁，生生世世酒敬自由。',0,0,'2019-08-09 00:00:00'),(89,2,1,'缘分','无论你生命中遇到谁，他都是你生命中该遇到的人，绝非偶然，他的出现一定会教会你什么，所以我走到哪里都相信这是我该去的地方，做我该做的事，遇到一些我该遇到的人',0,0,'2019-08-09 00:00:00');
insert  into `ana`(`id`,`user_id`,`ana_type_id`,`ana_title`,`ana_content`,`comment_num`,`prize_num`,`create_date`) values (90,2,1,'阅读','\n在所阅读的书本中找出可以把自己引到深处的东西，而把其他一切抛掉，就是抛掉使头脑负担过重并会使自己远离要点的一切。有舍才能有得，轻装才能高速前进。',0,0,'2019-08-09 00:00:00'),(91,2,1,'如梦之梦','你这一生中的迷，必须要用其他的迷才能解开，就像有的梦必须穿过其他的梦才能醒来，你必须一个一个的走过，才能走出这场连环梦。\n——如梦之梦',0,0,'2019-08-09 00:00:00'),(92,2,1,'重新开始','你若是找不到坚持下去的理由\n那你就找一个重新开始的理由\n生活本来就这么简单',0,0,'2019-08-09 00:00:00'),(93,2,2,'往前走','\"咱们往哪走啊\" \n\"往前走\" \n\"那 哪里是前啊\" \n\"咱们往哪走 都是往前走\" ',0,0,'2019-08-11 00:00:00');
insert  into `ana`(`id`,`user_id`,`ana_type_id`,`ana_title`,`ana_content`,`comment_num`,`prize_num`,`create_date`) values (94,2,1,'算了','随着时间的流逝我们终将会原谅那些曾经伤害过我们的人，那不是原谅，而是算了...',0,0,'2019-08-11 00:00:00'),(95,2,1,'如果决意去做一件事','如果决意去做一件事了，不要公开宣布个人目标，只管安安静静去做。因为那是你自己的事，别人不知道你的情况，也不可能帮你实现梦想。千万不要因为虚荣心而炫耀。也不要因为别人的一句评价而放弃自己的梦想。其实最好的状态，  是坚持自己的梦想，  听听前辈的建议少错几步。',0,0,'2019-08-11 00:00:00'),(96,2,2,'听闻过往','以后你遇到的人都是心里装着别人的人，没有人会用全部来爱你。听闻过往，十忆九悲。听闻过往，十人九伤。',0,0,'2019-08-11 00:00:00');
insert  into `ana`(`id`,`user_id`,`ana_type_id`,`ana_title`,`ana_content`,`comment_num`,`prize_num`,`create_date`) values (97,2,2,'人间不值得','人间不值得\n不值得你难过，活的潇洒一点\n',0,0,'2019-08-11 00:00:00'),(98,2,3,'皮','你有你的双眼皮\n我有我的单眼皮  不是很单  但是很皮',0,0,'2019-08-11 00:00:00'),(99,2,3,'穷','21号的夜晚，一碗泡面，吃了整整58分钟，加了2勺辣酱，搅拌了184下，用叉子卷起面条，送到嘴边还有0.5公分的时候，我突然心里很难过，我总觉得这一刻坐在这里吃面的不应该只是我一个人。',0,0,'2019-08-15 00:00:00'),(100,2,1,'民谣','\n有人说民谣很穷，穷到只剩一把吉他\n有人说民谣也很富，它富到四海为家',0,0,'2019-08-15 00:00:00'),(101,2,1,'爱情公寓','音乐优美，内容充实,主题明确,引人入胜,继续保持,你就是明日之星',0,0,'2019-08-15 00:00:00');
insert  into `ana`(`id`,`user_id`,`ana_type_id`,`ana_title`,`ana_content`,`comment_num`,`prize_num`,`create_date`) values (102,2,2,'一起努力','\"我喜欢你\" 这句话太轻微\n\"我爱你\" 这句话太沉重\n\"我想跟你一起努力\" 这句话刚刚好',0,0,'2019-08-15 00:00:00'),(103,1,2,'音乐','总有一首触动你内心的评论 \n愿音乐在你孤单时能带给你一些安慰',0,0,'2019-08-15 00:00:00'),(104,2,3,'炫富','乞丐向我都饭碗的时候\n我都感觉像炫富',0,0,'2019-08-15 00:00:00'),(105,2,1,'悲伤逆流成河','悲伤像条大河，它会吞没你\n但也能带你去梦想的远方',0,0,'2019-08-15 00:00:00'),(106,2,1,'悲伤逆流成河','请不要对我那么好\n要不我会以为你做什么事情都是理所当然的 ',0,0,'2019-08-15 00:00:00');
insert  into `ana`(`id`,`user_id`,`ana_type_id`,`ana_title`,`ana_content`,`comment_num`,`prize_num`,`create_date`) values (107,2,1,'悲伤逆流成河','一位母亲用二十年的时间让他长大成人\n而另一个女人只用了二十分钟就让他变回了傻瓜。',0,0,'2019-08-15 00:00:00'),(108,2,3,'皮肤好','别人在熬夜，你却在睡觉，别人已经起床干活了，你还在被窝里，别人熬夜奋斗到凌晨，而你却把事情拖到第二天，所以你皮肤好年轻又漂亮，有精神有活力肢体又好，不是没有原因的',0,0,'2019-08-15 00:00:00'),(109,2,3,'穷','上个月我吃什么，狗吃什么\n这个月狗吃什么，我吃什么',0,0,'2019-08-18 00:00:00'),(110,2,3,'为什么读书','\n终于知道为什么一读书就困了\n因为读书，是梦开始的地方',0,0,'2019-08-18 00:00:00');
insert  into `ana`(`id`,`user_id`,`ana_type_id`,`ana_title`,`ana_content`,`comment_num`,`prize_num`,`create_date`) values (111,2,1,'失去','我以为我失去了，其实我从没得到过。 就连我以为我们一同凝视过的某颗星，也被千万人凝视过',0,0,'2019-08-18 00:00:00'),(112,2,1,'艰难的岁月','那些艰难的岁月你是怎么熬过来的？ 有一种强大的精神力量支撑着我，这种力量名字叫“想死又不敢”……\n',0,0,'2019-08-18 00:00:00'),(113,2,1,'反思','如果有人伤害了你，不要去感谢那些伤害你的人，他们根本没做什么让你成长，让你成长的是你的反思和坚强',0,0,'2019-08-18 00:00:00'),(114,2,1,'多读书','白天要好好读书 书里有你不知道的\n晚上要好好睡觉 梦里会有你想要的',0,0,'2019-08-18 00:00:00');
insert  into `ana`(`id`,`user_id`,`ana_type_id`,`ana_title`,`ana_content`,`comment_num`,`prize_num`,`create_date`) values (115,2,1,'另一个我','这世界上一定有另一个我\n做着我不敢做的事，过着我想要的生活。',0,0,'2019-08-18 00:00:00'),(116,2,3,'吃饱撑的','要怪就怪袁隆平\n他发明了水稻，看把你们吃饱了撑的',0,0,'2019-08-18 00:00:00'),(117,2,3,'深夜小巷','\n又走在昏暗的小巷里，我抽着烟，忽然里面穿出一声骚叫，小帅哥~快来玩啊~老子一下子扔了烟...',0,0,'2019-08-18 00:00:00'),(118,2,1,'向来心是看客心','海中月是天上月,眼前人是心上人\n向来心是看客心,奈何人是剧中人',0,0,'2019-08-23 00:00:00'),(119,2,1,'你的那个他','希望你遇见一个人 他看你时眼神温柔\n愿意陪你做很多事 说很多话走很多路',0,0,'2019-08-23 00:00:00');
insert  into `ana`(`id`,`user_id`,`ana_type_id`,`ana_title`,`ana_content`,`comment_num`,`prize_num`,`create_date`) values (120,2,3,'神灯','我捡到了个神灯，许愿我死前能找到女朋友。\n结果我获得了永生。',0,0,'2019-08-23 00:00:00'),(121,2,2,'周幽王','有人问：“心动是什么感觉？””忽然明白了那个叫周幽王的二百五为什么会烽火戏诸侯了。” ',0,0,'2019-08-23 00:00:00'),(122,2,1,'王八蛋','即使我内心坚强的像个王八蛋\n但我也希望我失望的时候能有人抱抱我',0,0,'2019-08-23 00:00:00'),(123,2,3,'我想上位','明人不说暗话\n我想上你老婆  大哥让个位置吧 ',0,0,'2019-08-23 00:00:00'),(124,2,2,'该派个知心的人给我了','该经历的都经历了\n老天是不是该派个知心的人给我了',0,0,'2019-08-23 00:00:00'),(125,1,2,'识趣','懂事 识趣 保持理智',0,0,'2019-08-23 00:00:00');
insert  into `ana`(`id`,`user_id`,`ana_type_id`,`ana_title`,`ana_content`,`comment_num`,`prize_num`,`create_date`) values (126,2,2,'劫后余生.','劫后余生.',0,0,'2019-08-23 00:00:00'),(127,2,2,'所有的痛与苦','只要以后她的合法丈夫是我 现在的苦 我统统接下',0,0,'2019-08-23 00:00:00'),(128,2,2,'南柯一梦是你','初见是惊鸿一瞥，南柯一梦是你。',0,0,'2019-08-23 00:00:00'),(129,2,2,'翻山越岭','总会有一个人陪我翻山越岭 听我说 我倔强的梦',0,0,'2019-08-23 00:00:00'),(130,2,2,'时间改变了很多东西','不得不承认，时间  真的改变了很多东西',0,0,'2019-08-23 00:00:00'),(132,2,2,'未来可期','未来可期 人间值得i',0,0,'2019-08-23 00:00:00'),(133,2,4,'大话西游','我的意中人是个盖世英雄， 有一天他会踩着七色云彩来娶我，我猜中了前头可我猜 不着这结局。',0,0,'2019-08-23 00:00:00');
insert  into `ana`(`id`,`user_id`,`ana_type_id`,`ana_title`,`ana_content`,`comment_num`,`prize_num`,`create_date`) values (134,2,2,'三分钟热度','大概只有遇到特别喜欢的人 才能治好我的三分钟热度、没有耐心和喜新厌旧的毛病吧 ',0,0,'2019-08-29 20:50:26'),(135,2,2,'像要的都很完美','你为什么要那么努力?因为我喜欢的东西都很贵，我想去的地方都很远，我爱的人超完美',0,0,'2019-08-29 20:50:26'),(136,2,2,'黑名单','那些后来躺在黑名单的人，开始也都是踩着七彩云朵而来照亮过整个世界',0,0,'2019-08-29 20:50:26'),(137,2,2,'将心比心','最近很流行的一段话：“如果我用你待我的方式来待你 恐怕你早已离去”好好体会这句话 适合任何关系  凡事换个角度 假如你是我 你未必有我大度',0,0,'2019-08-29 20:50:26');
insert  into `ana`(`id`,`user_id`,`ana_type_id`,`ana_title`,`ana_content`,`comment_num`,`prize_num`,`create_date`) values (138,2,2,'生活i','生活就是一个接着一个的耳光，把人从梦里打醒',0,0,'2019-08-29 20:50:34'),(139,2,2,'万物生长','这里荒芜寸草不生 \n后来你来这走了一遭 \n奇迹般万物生长 这里是我的心',0,0,'2019-08-29 20:50:45'),(140,2,3,'你才二十多岁','你才二十多岁，没有遇上喜欢的人很正常,往后你会发现，你基本上是遇不到了，等着相亲吧',0,0,'2019-08-29 20:52:35'),(141,2,2,'祝愿','愿你一生努力 一生被爱,想要的都拥有 得不到的能释怀',0,0,'2019-08-29 20:52:47'),(142,2,3,'看不到的人','你在漂亮，我也是你得不到的男人。我起码还能透过手机看看你，你连看我的机会都没有，这就是差距。',0,0,'2019-08-29 20:53:14');
insert  into `ana`(`id`,`user_id`,`ana_type_id`,`ana_title`,`ana_content`,`comment_num`,`prize_num`,`create_date`) values (143,2,2,'最好的三个词','人生最好的三个词：“久别重逢，失而复得，虚惊一场。”',0,0,'2019-08-29 20:53:37'),(145,2,4,'白夜行','我的天空里没有太阳，总是黑夜，但并不暗，因为有东西代替了太阳。虽然没有太阳那么明亮，但对我来说已经足够。凭借着这份光，我便能把黑夜当成白天。',0,0,'2019-08-29 20:53:56'),(146,1,4,'人间失格','人间失格里有这样一句话，日日做着同样的事情，循环着与昨日相同的惯例，若能避开猛烈的狂喜，自然不会有悲痛来袭，我说：照顾好自己',0,0,'2019-08-29 20:54:46');
insert  into `ana`(`id`,`user_id`,`ana_type_id`,`ana_title`,`ana_content`,`comment_num`,`prize_num`,`create_date`) values (147,2,2,'总要学着长大','在某个年纪之前 你可以靠透支身体 小聪明和老天给你的运气一直取巧地活着 然而到了某个年纪之后 真正能让你走远的 都是自律 积极和勤奋.',0,0,'2019-08-29 20:55:25'),(148,2,2,'潜规则','职场里面有个潜规则，就是你千万不要大声训斥那些刚刚参加工作的下级，因为他们转身就敢离职另谋高就，反之，你可以狂骂那些兢兢业业有家有父母有娃有贷款的中年人，因为他们依旧会像个孙子一样负重前行，多么讽刺。',0,0,'2019-08-29 20:55:40');
insert  into `ana`(`id`,`user_id`,`ana_type_id`,`ana_title`,`ana_content`,`comment_num`,`prize_num`,`create_date`) values (149,2,1,'没戏','你知道吗？ 为什么现在的男生撩着撩着就不理你了？ 因为他们是大面积撒网，选择性捕捞 最后...你被放生了 为什么一个男生追着追着你就不理你了 是大面积撒网，你被放生了吗？ 可能...可能是他追你的时候，你一点回应都没有 他心凉了... 假如你当初能给他那么一点点一点点的温柔 你现在可能还是他现在手中的那个小公主，真的',0,0,'2019-08-29 20:55:53');
insert  into `ana`(`id`,`user_id`,`ana_type_id`,`ana_title`,`ana_content`,`comment_num`,`prize_num`,`create_date`) values (150,2,3,'吵架','今天我让媳妇看这个视频，她竟然说不搞笑，我当时就跟她吵了起来， 可后来我就想: 我一个大男人，为什么要和一个女人计较，更何况还是自己的媳妇! 我当时就道歉了道完歉， 媳妇也很高兴，她把手里的菜刀放下了，她妹妹抓着我头发的手也松开了， 她哥手里的砖头放下了，她弟弟手里的铁楸也放下了，丈母娘手里的擀面杖也扔了， 老丈人拿出手机说道: 棺材还退回去吧。看看，只要多沟通，生活还是蛮和谐的',0,0,'2019-08-29 20:56:09');
insert  into `ana`(`id`,`user_id`,`ana_type_id`,`ana_title`,`ana_content`,`comment_num`,`prize_num`,`create_date`) values (151,2,1,'我希望','我希望你过得不好\n家破人亡众叛亲离\n变傻变胖变丑\n这样我才能触碰到你\n我又希望你过得很好\n冷了有人给你准备衣服\n饿了有人给你做好吃的\n生理期有人能搓热双手给你焐肚子\n把你宠的像个孩子一样\n你还是过得好点吧\n别来找我了',0,0,'2019-08-29 20:56:23'),(153,2,3,'没有对比 就没有伤害','父母说早恋会荒废学业爸妈我对不起你们 我考不过那些早恋的',0,0,'2019-08-29 20:56:47'),(154,2,3,'丘比特','我严重怀疑丘比特是不是把我的箭拿去烤串了',0,0,'2019-08-29 20:56:56'),(155,2,3,'爱理不理','今天的我你爱理不理,明天的我还会去找你',0,0,'2019-08-29 20:57:07');
insert  into `ana`(`id`,`user_id`,`ana_type_id`,`ana_title`,`ana_content`,`comment_num`,`prize_num`,`create_date`) values (156,2,3,'深夜小巷','那天我在派出所是这么跟警察叔叔说的：夜已深，天微凉。路过小巷见几女，衣甚薄，风中瑟瑟抖。心起，欲施二三百。岂料女甚感恩硬拽屋中，更怜爱。遂生情，云雨三刻，觉不爱。施之分手费二百。何错之有？',0,0,'2019-08-29 20:57:14'),(157,2,3,'我累了','打电话不接，信息不回，竟然在这里给人评论，分手吧，我真的累了',0,0,'2019-08-29 20:57:22'),(158,2,2,'愿你','愿你三冬暖，愿你春不寒；愿你天黑有灯，下雨有伞',0,0,'2019-08-29 20:57:43'),(159,2,1,'思想','男生更看重女生的身材、脸蛋，还是思想？\n脸蛋和身材决定了我是否想去了解她的思想。思想决定了我是否会一票否决掉她的脸蛋和身材。',0,0,'2019-08-29 20:57:56');
insert  into `ana`(`id`,`user_id`,`ana_type_id`,`ana_title`,`ana_content`,`comment_num`,`prize_num`,`create_date`) values (160,2,2,'核心价值观','富强民主文明和谐 \n自由平等公正法治 \n爱国敬业诚信友善 ',0,0,'2019-08-29 20:58:10'),(161,2,3,'单身狗','看了蜘蛛侠，主角被蜘蛛咬了变成蜘蛛侠,我一直以为只是在电影发生。后来我被一只狗咬了，至今单身十几年,我信了。',0,0,'2019-08-29 20:58:19'),(162,2,1,'初始化','曾经语文老师教了我们一句英文:I like you,but just like you.刚想说这个句子不错,正想把它摘抄到笔记本上时,老师告诉我们它的翻译：纵然万劫不复,纵然相思入骨,我也待你眉眼如初,岁月如故.',0,0,'2019-08-29 20:58:34');
insert  into `ana`(`id`,`user_id`,`ana_type_id`,`ana_title`,`ana_content`,`comment_num`,`prize_num`,`create_date`) values (163,2,2,'长大i','人会长大三次。第一次是在发现自己不是世界中心的时候。第二次是在发现即使再怎么努力，终究还是有些事令人无能为力的时候。第三次是在，明知道有些事可能会无能为力，但还是会尽力争取的时候。',0,0,'2019-08-29 20:58:50'),(164,2,2,'小子 学着点','生活从来不会招招手说，“小子过来我们讲讲道理”，生活只会一个大嘴巴子把你打在地上后说，“傻逼，学着点”',0,0,'2019-08-29 20:59:00');
insert  into `ana`(`id`,`user_id`,`ana_type_id`,`ana_title`,`ana_content`,`comment_num`,`prize_num`,`create_date`) values (165,2,1,'陪伴','最近听到一句话；朋友或是恋人，能走过三个月的已是不容易，能坚持六个月的值得珍惜，能相守一年的堪称奇迹，能熬过两年的才叫知己，超过三年的值得记忆，五年后还在的应该请进生命，十年后仍然在的那就不是朋友了，已经是亲人 是生命的一部分。在这个善变的时代，且行且珍惜，感谢和我相处不离不弃的人。',0,0,'2019-08-29 20:59:11'),(166,2,4,'那些年','我想成为一个很厉害的人，因为有了我，让这个世界，而有一点点的不一样；而我的世界，不过就是你的心。',0,0,'2019-08-29 20:59:33'),(170,2,3,'天才','我就觉得我自己是个天才万中无一绝无仅有独一无二空前绝后人世间再难有',0,0,'2019-08-29 21:00:36');
insert  into `ana`(`id`,`user_id`,`ana_type_id`,`ana_title`,`ana_content`,`comment_num`,`prize_num`,`create_date`) values (171,2,1,'满目星河i','总有一天，你会遇到一个满眼都是你的人。他会对你好，忍让你，了解你，对你没有保留，会给你百分百的安全感(ღ˘⌣˘ღ)。别问我怎么敢说，因为这是上帝欠你的',0,0,'2019-08-29 21:00:46'),(172,2,1,'孝道','我觉得在我这个年纪的孝道，就是让我爸妈觉得他们自己还有用，他们还帮得到我。',0,0,'2019-08-29 21:01:01'),(173,1,2,'今天更博学了吗','我也每天问自己这个问题，今天更博学了吗？没有，但是没有关系，安稳地睡去。',0,0,'2019-08-29 21:01:10'),(176,2,3,'小鹿不乱撞了','曾经小鹿也乱撞过 \n后来小鹿长大了 \n走路贼稳 ',0,0,'2019-08-29 21:02:12');
insert  into `ana`(`id`,`user_id`,`ana_type_id`,`ana_title`,`ana_content`,`comment_num`,`prize_num`,`create_date`) values (177,1,1,'反省','真正的安稳是历经世事后的淡薄，你还没有见过世界，就想隐退山林，到头来只会是井底之蛙。',0,0,'2019-08-29 21:02:24'),(178,2,2,'还能怎么办','很心酸吧那么喜欢的人却没办法拥有。',0,0,'2019-08-29 21:02:35'),(179,2,2,'十字开头的年纪','在十字开头的年纪遇到了最想托付一生的人，承诺这种东西只有听的人记得。',0,0,'2019-08-29 21:02:56');
insert  into `ana`(`id`,`user_id`,`ana_type_id`,`ana_title`,`ana_content`,`comment_num`,`prize_num`,`create_date`) values (180,2,1,'毫不在乎的人','那个看起来毫不在乎你的人，在聊天窗口里写满了要对你说的话，可是却一直没按发送键。\n那个决绝果断拖你进黑名单的人，在别的地方悄悄地关注着你的喜怒哀乐。\n那些你以为与你毫无瓜葛的人，在那么多个容易脆弱的夜里，确实忍住了一万次想要联系你的冲动。\n多的是，你不知道的事。',0,0,'2019-08-29 21:03:47'),(181,1,4,'寄生虫','不是\"有钱却很善良\"，是\"有钱所以善良\"，懂吗？如果我有这些钱的话，我也会很善良，超级善良。',0,0,'2019-08-29 21:04:53'),(182,2,4,'寄生虫','有钱人家的小孩连衣服都没有褶皱，钱就是熨斗，把一切都烫平了，所有褶皱都被烫得平平的。',0,0,'2019-08-29 21:05:01');
insert  into `ana`(`id`,`user_id`,`ana_type_id`,`ana_title`,`ana_content`,`comment_num`,`prize_num`,`create_date`) values (184,2,3,'进度条','女：为啥你追我追到一半不追了？\n我：我又没有进度条！！！！\n女：。。。',0,0,'2019-08-29 21:06:48');
insert  into `ana`(`id`,`user_id`,`ana_type_id`,`ana_title`,`ana_content`,`comment_num`,`prize_num`,`create_date`) values (185,2,2,'男孩子彻底喜欢上你的时候','这就是 一个男生彻底喜欢上你的时候\n喜欢你的人 从不需要你主动找话题。 \n爱你的男生在你面前 \n才会偶尔像个孩子 \n偶尔像个父亲 \n偶尔像个流氓 \n如果我喜欢你 我会主动往你的方向走几步再走几步。 \n最想说晚安 和最不想说晚安的都是你。 \n你困了就先睡 \n没困我陪你。 \n双方都在低头忙自己的事 \n一抬头发现他正温柔的看着你的时候。 \n别人叫你名字的时候 \n他先回头。 \n身体还没靠近 \n笑容就藏不住了。 \n世界就像巨大的夹娃娃机 \n我隔着玻璃 只想要你。 \n娶你这件事 我随时待命。 \n你在我心里的位置 \n连我自己都羡慕。 \n青梅枯萎 竹马老去 \n从此我爱上的人都像你。 \n承蒙你出现 够我喜欢好多年。 \n没事啊 你还有我 我养你。',0,0,'2019-08-29 21:07:26');
insert  into `ana`(`id`,`user_id`,`ana_type_id`,`ana_title`,`ana_content`,`comment_num`,`prize_num`,`create_date`) values (186,1,2,' ·͜· ​​​','I hope you happy every day  ·͜· ​​​',0,0,'2019-08-29 21:08:36'),(187,2,2,'星河滚烫','星河滚烫，你是人间理想​​​',0,0,'2019-08-29 21:08:49'),(188,2,2,'万千世界','万千世界 在难遇见我​​​',0,0,'2019-08-29 21:08:56'),(189,2,2,'在意','你在意什么，什么就会折磨你。​​​',0,0,'2019-08-29 21:09:03'),(190,2,2,'反思','不是给自己的钱包做减法\n而是给自己的体验和技能做加法​​​',0,0,'2019-08-29 21:09:14'),(191,2,2,'触动心灵','身无饥寒，父母未曾亏我。\n人无长进，我何以对父母!',0,0,'2019-08-29 21:09:21'),(192,2,2,'触动心灵','儿子 你先给我微信转二百块钱 工地拖欠工资了 等发了工资就还你……',0,0,'2019-08-29 21:09:38');
insert  into `ana`(`id`,`user_id`,`ana_type_id`,`ana_title`,`ana_content`,`comment_num`,`prize_num`,`create_date`) values (193,2,2,'绿色','绿色清新你的生活',0,0,'2019-08-29 21:10:01'),(194,2,2,'暴瘦暴富不爆炸','暴瘦暴富不爆炸  脱单脱贫不脱发',0,0,'2019-08-29 21:10:10'),(195,2,2,'劫后余生','劫后余生',0,0,'2019-08-29 21:10:19'),(197,2,3,'音乐','真搞不懂这种音乐，动次打次的，让人都睡不好觉，下次有这种音乐早点告诉我，我不喜欢睡觉',0,0,'2019-08-29 21:12:06'),(198,2,3,'“灵魂六问”','配钥匙师傅：你配吗?\n算命先生：你算什么东西?\n食堂阿姨：你要饭吗?\n快递小哥：你是什么东西?\n上海垃圾分拣阿姨：你是什么垃\n圾?\n最有文化的还是滴滴司机：你搞清\n楚自己的定位没有?',0,0,'2019-08-29 21:12:25');
insert  into `ana`(`id`,`user_id`,`ana_type_id`,`ana_title`,`ana_content`,`comment_num`,`prize_num`,`create_date`) values (199,2,3,'初始化','今天早上看到一对高中生在街上手牵手，不禁想起了高中时代的自己，当年的我，也是这样看着一对一对的高中生在街上手牵手..',0,0,'2019-08-29 21:12:57'),(200,2,3,'我就是看不起你','酒桌上，经常有些不知天高地厚的人对我说：“大哥，这杯酒你要是不喝，你就是看不起我！” 这时我通常都会把酒喝掉，然后对他说：“我喝掉了，但我还是看不起你。”',0,0,'2019-08-29 21:13:18');
insert  into `ana`(`id`,`user_id`,`ana_type_id`,`ana_title`,`ana_content`,`comment_num`,`prize_num`,`create_date`) values (202,2,2,'信仰','其实，在我认为，只要脸皮厚就可以克服自卑，我可以穿着大裤衩子大拖鞋兜里几块钱样去4S店看宾利，逛爱马仕  顶级仕、古奇、LV，每当店员过来给我介绍我就说买不起，就随看看。不过这些牌子的店员态度就是好，一直跟在屁股后面说，没关系的先生，喜欢的就可以试试。跟白富美一样该聊的聊，该说的说，反正我也没有打算追你，也不怕你笑话，就是坦诚相待呗，顶多你烦我说我脸皮厚，这对我也没影响。\n哈哈，其实人一旦脸皮厚，坦诚之后，更容易博的好感。还有就是自卑是你心里因素作祟，为什么自卑，父母生下你来不是让你自卑的，哪怕你一辈子碌碌无为， 也要光明磊落活，在这个世上，但行好事，莫问前程。真有背景有实力的也不会瞧不起你，说句不好听的，他们也没功夫瞧不起你，笑话你的人其实他们心里也是自卑的。',0,0,'2019-08-29 21:14:08');
insert  into `ana`(`id`,`user_id`,`ana_type_id`,`ana_title`,`ana_content`,`comment_num`,`prize_num`,`create_date`) values (204,1,2,'世间','这世间的人，千姿百态.',0,0,'2019-09-01 00:00:00'),(206,1,3,'~_~','你的脑袋超可爱 顶着一颗猪脑袋',0,0,'2019-08-31 17:57:30'),(207,3,4,'怦然心动','有的人浅薄，有人的金玉在外，败絮其中。有一天你会遇到一个彩虹般绚烂的人，当你遇到这个人之后，你会觉得其他人都只是浮云而已！',0,0,'2019-08-31 00:00:00'),(208,3,4,'千与千寻','有些事情经历了，就不会忘记，只是暂时没有想起来罢了。',0,0,'2019-08-31 00:00:00'),(209,3,4,'摔跤吧！爸爸','这个世界充满假象，唯有痛苦从不说谎。',0,0,'2019-08-31 00:00:00'),(210,3,4,'摔跤吧！爸爸','如果你获得了银牌，你总会被遗忘；如果你获得了金牌，你会成为典范。',0,0,'2019-08-31 00:00:00');
insert  into `ana`(`id`,`user_id`,`ana_type_id`,`ana_title`,`ana_content`,`comment_num`,`prize_num`,`create_date`) values (211,3,4,'一代宗师','我昨天遇到一个人，感觉他非常有意思，印象深刻。但后来就再也碰不上了，人生就是这样。',0,0,'2019-08-31 00:00:00'),(212,3,4,'闻香识女人','你从没想过翩然离去\r\n心里又渴望留下。',0,0,'2019-08-31 00:00:00'),(213,3,4,'天堂电影院','如果你不出去走走，你会以为这就是全世界。',0,0,'2019-08-31 00:00:00'),(214,3,4,'内心引力','当你知道生命是无法永生的时候，你就再也不能去过那种庸庸碌碌的日子了。',0,0,'2019-08-31 00:00:00'),(215,3,4,'大鱼海棠','兜兜转转 原来得不到的 还是得不到',0,0,'2019-08-31 00:00:00'),(216,3,4,'楚门的世界','假如再也见不到你，就祝你早安，午安，晚安！',0,0,'2019-08-31 00:00:00');
insert  into `ana`(`id`,`user_id`,`ana_type_id`,`ana_title`,`ana_content`,`comment_num`,`prize_num`,`create_date`) values (217,3,4,'东邪西毒','当你翻过一片沙漠\r\n才发现\r\n那只不过是另一片沙漠\r\n\r\n\r\n我事先告诉你\r\n即使你相信\r\n却怎么都想去那一边看看',0,0,'2019-08-31 00:00:00'),(218,3,4,'城南旧事','如果你没有如期归来，这就是离别的意义。',0,0,'2019-08-31 00:00:00'),(219,3,4,'海上钢琴师','我们笑着说再见\r\n却深知再见遥遥无期',0,0,'2019-08-31 00:00:00'),(220,3,4,'少年派的奇幻漂流','人生就是不断地放下，然而痛心的是，我还没来得及与你们好好道别。',0,0,'2019-08-31 00:00:00'),(221,3,4,'少年派的奇幻漂流','这里必须说说恐惧，它是生活唯一真正的对手，因为只有恐惧才能打败生活。',0,0,'2019-08-31 00:00:00');
insert  into `ana`(`id`,`user_id`,`ana_type_id`,`ana_title`,`ana_content`,`comment_num`,`prize_num`,`create_date`) values (222,3,4,'活着','最初我们来到这个世界，是因为不得不来；最终我们离开这个世界，是因为不得不走。',0,0,'2019-08-31 00:00:00'),(223,3,4,'泰坦尼克号','我甚至连他的一张照片都没有，他只活在我的记忆里。',0,0,'2019-08-31 00:00:00'),(224,3,4,'肖申克的救赎','生命可以归结为一种简单的选择：要么忙于生存，要么赶着去死',0,0,'2019-08-31 00:00:00'),(225,3,4,'肖申克的救赎','这些墙很有趣。刚入狱的时候，你痛恨周围的高墙；慢慢地，你习惯了生活在其中；最终你会发现自己不得不依靠它而生存。这叫体制化。',0,0,'2019-08-31 00:00:00');
insert  into `ana`(`id`,`user_id`,`ana_type_id`,`ana_title`,`ana_content`,`comment_num`,`prize_num`,`create_date`) values (226,3,4,'绿皮书','这世上有各种各样的人，恰巧我们成为了朋友，这不是缘分，只仅仅是因为我们本就应该是朋友。',0,0,'2019-08-31 00:00:00'),(227,3,4,'绿皮书','世界上孤独的人都害怕迈出第一步',0,0,'2019-08-31 00:00:00'),(228,3,4,'这个杀手不太冷','我所认为最深处的爱，莫过于分开以后，我将自己活成了你的样子。',0,0,'2019-08-31 00:00:00'),(229,3,4,'无问西东','愿你被打击时 记起你的珍贵 抵抗恶意\r\n愿你迷茫时 坚信你的珍贵\r\n爱你所爱 信你所行 听从你心 无问西东',0,0,'2019-08-31 00:00:00'),(230,3,4,'阿甘正传','“你以后想成为什么样的人？”\r\n\r\n“什么意思，难道我以后就不能成为我自己了吗？”',0,0,'2019-08-31 00:00:00');
insert  into `ana`(`id`,`user_id`,`ana_type_id`,`ana_title`,`ana_content`,`comment_num`,`prize_num`,`create_date`) values (231,3,4,'怦然心动','有人在高楼，有人在深沟。\r\n有人光万丈，有人一身锈。\r\n诗人万千种，浮云莫去求。\r\n斯人若彩虹，遇上方知有。',0,0,'2019-08-31 00:00:00'),(232,3,4,'罗马假日','请抬起你的头，我的公主，不然皇冠会掉下来的',0,0,'2019-08-31 00:00:00'),(233,3,4,'罗马假日','我现在必须要离开你了。我会走到那个拐角，然后拐弯。你就留在车里把车开走。答应我，别看我拐弯。你把车开走。离开我。就如同我离开你一样。',0,0,'2019-08-31 00:00:00'),(234,3,4,'美人鱼','只有越来越强大，才能越来越童话',0,0,'2019-08-31 00:00:00'),(235,3,4,'杀死一只知更鸟','去掉那些形容词剩下的就是真实了',0,0,'2019-08-31 00:00:00');
insert  into `ana`(`id`,`user_id`,`ana_type_id`,`ana_title`,`ana_content`,`comment_num`,`prize_num`,`create_date`) values (236,3,4,'寻梦环游记','真正的死亡是世界上再也没有一个人记得你\r\n\r\n死亡不是真的逝去，遗忘才永恒的消亡',0,0,'2019-08-31 00:00:00'),(237,3,4,'熔炉','我们一路奋战，不是为了改变世界，\r\n而是为了不让世界改变我们。',0,0,'2019-08-31 00:00:00'),(239,3,2,'凭什么','你会等一个人很久吗？不会\r\n为什么？凭什么？',0,0,'2019-08-31 00:00:00');
insert  into `ana`(`id`,`user_id`,`ana_type_id`,`ana_title`,`ana_content`,`comment_num`,`prize_num`,`create_date`) values (240,1,3,'小芳，今天这么早就回来了啊?','听完这首歌。我拿出我爸的烟，正好家里没人，我睡在沙发上学着我爸的样子，指着烟雾缭绕,衬托出我是个沧桑的男人，美好的画面在我妈下班回来的那一刻定格了。当我们俩四目相对，她望远着我，我并没有慌，而是眯着眼对我妈说:小芳，今天这么早就回来了啊?那一天，是我人生第一次住院。',0,0,'2019-08-31 17:15:48'),(241,2,3,'还以为耳机坏了呢','昨天我在火车.上插着耳机睡着了，一早 起来突然右耳什么也听不见了，下了火车赶紧去医院检查，虚惊一场，吓死我了，原来是耳膜破了，我还以为耳机坏了呢',0,0,'2019-08-31 17:16:10');
insert  into `ana`(`id`,`user_id`,`ana_type_id`,`ana_title`,`ana_content`,`comment_num`,`prize_num`,`create_date`) values (242,2,3,'无所不能','考试让我发现我简直无所不能\n创造语言\n篡改历史\n颠覆政治\n控制地球\n违背物理\n改变细胞',0,0,'2019-08-31 17:16:29'),(243,2,3,'道高一尺 魔高一丈','刚才我去ATM取钱，前面有一 对夫妻在取钱。妻子对丈夫说:“我要输密码了，你走开”，丈夫退到一边去了。我暗想，这女人好强势啊，说明这家是女人管账啊!只听到滴滴滴三声过后，妻子转身对丈夫说:“好了，我输完了，该你输后三位\n了”!  哎呦，我去，开眼了，这是顶层设计格局下的互相制约互相监督!后来的情况是:丈夫先按了3次退格键，然后输入了6位密码*****我整个人都呆了，道高-尺魔高一丈!',0,0,'2019-08-31 17:16:40');
insert  into `ana`(`id`,`user_id`,`ana_type_id`,`ana_title`,`ana_content`,`comment_num`,`prize_num`,`create_date`) values (244,2,3,'没想到她醒了..','朋友和媳妇吵架了，想买条项链，给她个惊喜求她原谅，但是他又不知道媳妇戴多大的，于是就半夜起来用绳子量一下，没想到她醒了.. ',0,0,'2019-08-31 17:17:06'),(245,2,3,'自己买去','拿杯奶茶过安检，安检员:\"手里拿的是什么\"。  我:\"奶茶\"。  安检员:\"喝一口\"。  我:\"自己买去\"',0,0,'2019-08-31 17:18:01'),(246,2,3,'一年的绿钻？？？','你抢我女朋友就算了，还给我开一年绿钻什么意思',0,0,'2019-08-31 17:18:25'),(247,2,3,'高手 这是高手','少年强则少女扶墙  少女强则少年平躺',0,0,'2019-08-31 17:18:47');
insert  into `ana`(`id`,`user_id`,`ana_type_id`,`ana_title`,`ana_content`,`comment_num`,`prize_num`,`create_date`) values (248,2,3,'海底捞服务','刚去吃海底捞，排队期间，对面马路有人吵架打起来，于是我就站在门口看了起来，接着有服务员给我搬了把凳子，，然后还端了点心过来，然后跟我说，他们已经派人过去打听打架的缘由了。让我稍等片刻。',0,0,'2019-08-31 17:19:04'),(249,2,3,'一干二净','不得感叹网络真的越来越发达了，想当年学习的时候还需要翻阅很多的书籍才能找到想要的资料，现在随便掏出手机出来上上网，就能把学习的事情忘得一干二净了。',0,0,'2019-08-31 17:19:35'),(250,2,3,'我想要条龙','我：\"我想要条龙。\" \n圣诞老人：\"你他妈现实点。\" \n我：\"我想要个女朋友。\" \n圣诞老人：\"你要什么颜色的龙\" ',0,0,'2019-08-31 17:20:14');
insert  into `ana`(`id`,`user_id`,`ana_type_id`,`ana_title`,`ana_content`,`comment_num`,`prize_num`,`create_date`) values (251,2,3,'除了钱 我还有什么','刚查了下我的成绩。\n看到自己考了288分，别人考了690分的时候。\n我狠狠的锤了一下自己的兰博基尼的方向盘。\n推开身上的女神，当我爬在方向盘上哭泣的时候。\n方向盘上密密麻麻的钻石摁疼了我的脸。\n于是我给我爸爸打电话哭诉，但爸爸说他工作忙挂了。\n只给我的银行卡转了一亿元让我自己买个学校高兴高兴。\n兰博基尼砸了再换个自己喜欢的。\n呜呜呜，连爸爸都不爱我了，我还是死了算了。',0,0,'2019-08-31 17:52:58');
insert  into `ana`(`id`,`user_id`,`ana_type_id`,`ana_title`,`ana_content`,`comment_num`,`prize_num`,`create_date`) values (252,2,3,'没我爸好的男人 我看不上','往年过年回家，每次被亲戚说该嫁人了，要给我介绍对象时，我都用一句话堵回去：“没我爸好的男人，我看不上。”当着我爸面，他们不可能跟我说介绍的这个小伙子比你爸强。然后我爸爸就十分感动，往我卡里打了好多钱……',0,0,'2019-08-31 17:54:06'),(253,2,3,'霸道女友','我上高中时候的女朋友很霸道，平时不许喊她老婆，不许拉手走路，不许跟同学说我和她的关系，晚上回她家睡觉也是分开走，当时我一直很不开心，后来这么多年过去我也慢慢释然了，毕竟她是我的班主任。',0,0,'2019-08-31 17:55:34');
insert  into `ana`(`id`,`user_id`,`ana_type_id`,`ana_title`,`ana_content`,`comment_num`,`prize_num`,`create_date`) values (254,2,3,'这就是你的不对了','迪也蹦了，\n酒也喝了，\n房也开了，\n第二天你跟我说要跟我在一起，\n这就是你的不对了',0,0,'2019-08-31 17:56:07'),(255,2,3,'唱 跳 rap 篮球','上帝想听歌，带走了惠特尼。上帝想跳舞，带走了MJ，上帝想rap,带走了2pac。上帝想打篮球了，带走了张伯伦，上帝啊. 上帝，您为何不来这片东方国度看看，这里有一位四项全能，会唱，跳，rap, 篮球的练习生',0,0,'2019-08-31 17:56:56'),(256,2,3,'我也不要','七夕还是单身的女孩子找我互删一下吧  \n别人不要的女孩子 我也不要',0,0,'2019-08-31 17:57:27'),(257,2,3,'我太难了','北极熊：你怎么不来找我玩啊？\n企鹅：我太南了',0,0,'2019-08-31 17:57:40');
insert  into `ana`(`id`,`user_id`,`ana_type_id`,`ana_title`,`ana_content`,`comment_num`,`prize_num`,`create_date`) values (258,2,3,'露','这次期末考试，我不给老师露一手，他还以为自己教的有多好。',0,0,'2019-08-31 17:57:54'),(259,2,2,'罪恶感','我过着一种不正确的生活\n我什么也不做 并且睡得很晚',0,0,'2019-09-01 08:08:04'),(261,1,2,'理解的三观一致','理解的三观一致 并不是想法 行为 生活保持一致 而是你一本正经 也还是愿意听我胡说八道 我素来传统 但依然能欣赏你的特立独行.',0,0,'2019-09-01 08:14:51'),(262,2,4,'脱口秀大会2-Rock','它目前是我生命中最重要的一部分，所以当我把全部的东西都拿出来的时候，我确实不太能接受 被否定，我们可以不当第一名，但我们更不想输的太难看.',0,0,'2019-09-01 21:30:38');
insert  into `ana`(`id`,`user_id`,`ana_type_id`,`ana_title`,`ana_content`,`comment_num`,`prize_num`,`create_date`) values (263,1,4,'脱口秀大会2-建国','在我心里，我一直是那个守墓的人，这个世界是我看的坟。如果人与人之间的牵连是电流的话，那我追求的不过就是，想安静的时候能把电闸拉下来，等我孤独够了，再把电闸推回去，所以你们永远都不能停电。这其实是非常自私的行为，我需要我所有的朋友们都在待命的状态，随时准备给我供电.',0,0,'2019-09-01 22:30:20'),(264,1,2,' ·͜· ​​​','人间一趟 看看太阳',1,0,'2019-09-02 08:08:08'),(265,3,3,'分了吧','男朋友中了五百万，跑过了和我说：我们分了吧！我开心的点了点头，过了好几天我才知道他说的不是分钱',0,0,'2019-09-03 00:00:00');
insert  into `ana`(`id`,`user_id`,`ana_type_id`,`ana_title`,`ana_content`,`comment_num`,`prize_num`,`create_date`) values (266,3,3,'对象','反正你又没对象，让我当你对象怎么了？我一天能捡200个矿泉水瓶子，难不成我还能饿着你？',0,0,'2019-09-03 00:00:00'),(267,3,3,'快一点','我被查出有感情获取障碍，而且是重度，我对这个世界产生了绝望，不知道该怎么走下去。医生说谈对象可以有效缓解症状，请我给介绍两个男孩子让我缓解病情，别问我为什么是两个，我只是想好的快一点。',0,0,'2019-09-03 00:00:00'),(270,3,3,'垃圾分类','其实我觉得上海垃圾分类挺好的，好就好在我在郑州。',0,0,'2019-09-03 00:00:00');
insert  into `ana`(`id`,`user_id`,`ana_type_id`,`ana_title`,`ana_content`,`comment_num`,`prize_num`,`create_date`) values (273,2,2,'这是上帝欠你的','总有一天，你会遇到一个满眼都是你的人。他会对你好，忍让你，了解你，对你没有保留，会给你百分百的安全感(ღ˘⌣˘ღ)。别问我怎么敢说，因为这是上帝欠你的',0,0,'2019-09-09 15:42:33'),(274,2,3,'永远年轻','都说少吃饭比较不容易老，这确实是真的!我一个朋友10天没吃饭 现在他永远都是20岁了',0,0,'2019-09-09 15:43:39'),(275,1,2,'无名之辈','半山腰总是最挤的 \n你得去山顶看看啊',0,0,'2019-09-09 15:44:00');
insert  into `ana`(`id`,`user_id`,`ana_type_id`,`ana_title`,`ana_content`,`comment_num`,`prize_num`,`create_date`) values (276,2,1,'恶龙','有一条恶龙，每年要求村庄献祭一个女子，每年这个村庄都会有一个少年英雄去与恶龙搏斗，但无人生还。又一个英雄出发时，有人悄悄尾随。龙穴铺满金银财宝，英雄用剑刺死恶龙，然后坐在尸身上，看着闪烁的珠宝，慢慢地长出鳞片、尾巴和触角，最终变成恶龙。',0,0,'2019-09-09 15:44:16'),(277,2,3,'超喜欢你','恋爱太难了，拜个把子吧。',0,0,'2019-09-09 15:44:29'),(278,2,3,'群主','3年前我被拉进了一个176人的单身群，约定了谁结婚了就退群，如今我成了群主',0,0,'2019-09-09 15:44:57');
insert  into `ana`(`id`,`user_id`,`ana_type_id`,`ana_title`,`ana_content`,`comment_num`,`prize_num`,`create_date`) values (279,1,3,'高端的食材','高端的食材，往往使用最朴素的烹饪方法，我吃羊排，只吃0.000001分熟的，当清晨的第一缕阳光照射到羊身上的时候，我就开始追着羊开始啃了',0,0,'2019-09-09 15:45:17'),(280,2,3,'你就不要想起我','我想喝个烂醉之后再打个电话给你告诉你 我真的很喜欢你 真的离不开你                                                                  可惜老子根本喝不醉！哈哈哈！满上！满上！哈哈哈！给老子满上 ，哈哈哈哈哈唉..',0,0,'2019-09-09 15:45:31'),(282,2,3,'良心建议','上学吃外卖真的很不健康 建议大家不要上学',0,0,'2019-09-09 16:22:43'),(283,2,2,'月亮','月亮很亮，很亮也没用，没用也亮',0,0,'2019-09-12 10:24:45');
insert  into `ana`(`id`,`user_id`,`ana_type_id`,`ana_title`,`ana_content`,`comment_num`,`prize_num`,`create_date`) values (285,1,1,'父亲写的散文诗','我的爸爸他有点世俗，有点贪小便宜，有点不可理喻，甚至有时候有点虚假，但他却努力教我所有美好的品质，他想我成为好的人，一切的不堪他都一个人承受，只是因为我是他的儿子，他很平凡，什么都给不了我，却又什么都给了我。',0,0,'2019-09-12 14:12:34'),(287,2,3,'父亲写的散文诗','突然想起小时候哭 被爸爸打，我一边哭一边抹鼻涕，突然鼓起来一个鼻涕泡，我笑了起来。我爸以为我不服，又打了我一顿。。。',0,0,'2019-09-12 18:05:09'),(288,1,3,'庆祝','满脑子想为祖国庆祝生日.',0,0,'2019-09-12 14:48:15'),(289,1,4,'脱口秀大会2-呼兰','Don\'t worry be happy',0,0,'2019-09-15 22:02:29');
insert  into `ana`(`id`,`user_id`,`ana_type_id`,`ana_title`,`ana_content`,`comment_num`,`prize_num`,`create_date`) values (290,6,2,'错过','我讨厌没钱的男孩子 但如果是你 我讨厌爱钱的自己',0,0,'2019-09-15 14:49:44'),(291,6,2,'迷茫','碌碌无为却又不甘平庸 别做井底之蛙坐井观天',0,0,'2019-09-15 14:51:05'),(292,6,2,'对感情无能为力','错过就错过 总要有些性格',0,0,'2019-09-15 14:53:36'),(293,6,1,'像我这样的人','像我这样的人 在月光下找寻未来的方向 遭受的惩罚 就是比所有人提前看到黎明',0,0,'2019-09-18 14:59:33'),(294,1,2,'半山文集','要想尽一切办法去理解长在自己身体里的这个人。',0,0,'2019-09-18 15:07:31'),(295,2,2,'小脑袋','我的脑袋是个小小星球，每天只有你开着月亮列车巡游',0,0,'2019-09-18 10:36:54');
insert  into `ana`(`id`,`user_id`,`ana_type_id`,`ana_title`,`ana_content`,`comment_num`,`prize_num`,`create_date`) values (296,2,4,'月亮与六便士','据毛姆说，这本小说的书名带有开玩笑的意味。有一个评论家曾说《人性的枷锁》的主人公(菲力普嘉里)像很多青年人一样，终日仰慕月亮，却没有看到脚下的六便士银币。毛姆喜欢这个说法，就用《月亮与六便士》，作为下一本小说的书名。',0,0,'2019-09-18 10:38:38'),(297,2,1,'新鲜感','我以前也以为，恋人之间，若开始相互厌倦，就应该结束了。\n直到最近才明白:当你感觉爱开始变淡的时候,真正的爱才开始浮现。\n当然，你可以选择放弃，然后去寻找一个新鲜的爱，\n但代价是，你永远逃不过新鲜的死循环。',0,0,'2019-09-21 10:40:09');
insert  into `ana`(`id`,`user_id`,`ana_type_id`,`ana_title`,`ana_content`,`comment_num`,`prize_num`,`create_date`) values (298,2,2,'不要做恋爱大于天的废物','勇敢 善良 可爱 温柔 自信 自律 有理想 有担当 有上进心 这才是你应该变成的样子',0,0,'2019-09-21 10:49:12'),(299,2,1,'撞个满怀','面走过来一个人，撞上了叫做爱情；对面开过来一辆车，撞上了叫做车祸。可惜车与车总是撞，人与人却总是让。\n\n                    希望合适与喜欢撞个满怀',0,0,'2019-09-21 10:50:44');
insert  into `ana`(`id`,`user_id`,`ana_type_id`,`ana_title`,`ana_content`,`comment_num`,`prize_num`,`create_date`) values (300,2,4,'心灵捕手','我每天到你住处来接你。我们出去花天酒地，玩得很开心。但你可知我一天中最好的时刻是什么吗？大概只有十秒：从停车到走到你住所门口的这段时间。因为每当我敲门，都希望你不在屋子里面。没有一句\"再见\"或是\"明天见\"，什么都不用说，你就是这样离开了。我懂得不多，但这些我很清楚。',0,0,'2019-09-21 10:54:18'),(301,2,1,'世俗','女孩想看世俗，在身上挂了个牌子写：我是艾滋病人，抱抱我好吗？结果她看到行人绕着她走，对她指指点点。当她暗笑那些人时，跑来个男孩抱了她，她很诧异，他告诉她：别怕，我也是艾滋病患者。她听到后像疯一样推开他。 ​​​​',0,0,'2019-09-23 10:58:01');
insert  into `ana`(`id`,`user_id`,`ana_type_id`,`ana_title`,`ana_content`,`comment_num`,`prize_num`,`create_date`) values (302,2,1,'后来的我们','\n有些东西后来的人给不了，有些东西也给不了后来的人。',0,0,'2019-09-23 10:58:24'),(303,1,2,'心怀光明 向前向前','内心柔软且有原则，身披铠甲而有温度。',0,1,'2019-09-23 10:59:02'),(304,2,2,'自救','在最黑暗的那段人生，是我自己把自己拉出深渊。没有那个人，我就做那个人。',0,0,'2019-09-23 11:00:16'),(305,2,3,'女生抵挡不了哪些小动作','小动作不知道，动作大点的譬如一记勾拳，一般女生应该都抵挡不了',0,2,'2019-09-26 11:06:56'),(307,2,2,'ɹǝqɯǝɯǝɹ ','ǝɯ ɹǝqɯǝɯǝɹ noʎ ǝdoɥ 倒过来看 ​​​',0,0,'2019-09-26 11:08:25'),(308,2,2,'隔水相望','人与人 保持距离 隔水相望的时候最好',0,0,'2019-09-26 11:08:58');
insert  into `ana`(`id`,`user_id`,`ana_type_id`,`ana_title`,`ana_content`,`comment_num`,`prize_num`,`create_date`) values (309,2,4,'大鱼海棠','只要你的心是善良的 对错都是别人的',0,0,'2019-09-26 11:08:58'),(310,2,3,'可爱的花朵','祖国母亲还不知道，在她生日的前一个星期，您的园丁还在虐待您可爱的花朵。',0,0,'2019-09-28 01:17:04'),(311,2,3,'不可分割','老师上课讲到原子：\"世界上有什么东西是不可分割的呢？我觉得没有。\"\n后排一同学：\"我和我的祖国。\"',0,0,'2019-09-28 01:54:03'),(312,1,2,'三毛','刻意去找的东西，往往是找不到的。天下万物的来和去，都有他的时间',0,1,'2019-09-29 09:04:23'),(313,1,2,'异常清醒','堕落并不可怕，可怕的是，堕落时，我是清醒的',0,0,'2019-09-29 09:06:24');

/*Table structure for table `ana_type` */

DROP TABLE IF EXISTS `ana_type`;

CREATE TABLE `ana_type` (
  `id` int(20) NOT NULL AUTO_INCREMENT,
  `ana_type_name` varchar(20) DEFAULT NULL,
  `create_date` datetime DEFAULT NULL,
  PRIMARY KEY (`id`)
) ENGINE=InnoDB AUTO_INCREMENT=7 DEFAULT CHARSET=utf8;

/*Data for the table `ana_type` */

insert  into `ana_type`(`id`,`ana_type_name`,`create_date`) values (0,'首页','2019-09-09 00:00:00'),(1,'热评','2019-09-09 00:00:00'),(2,'短句','2019-09-09 00:00:00'),(3,'段子','2019-09-09 00:00:00'),(4,'台词','2019-09-09 00:00:00');

/*Table structure for table `collect` */

DROP TABLE IF EXISTS `collect`;

CREATE TABLE `collect` (
  `id` int(20) NOT NULL AUTO_INCREMENT,
  `user_id` int(20) DEFAULT NULL,
  `ana_id` int(20) DEFAULT NULL,
  `create_date` datetime DEFAULT NULL,
  PRIMARY KEY (`id`)
) ENGINE=MyISAM DEFAULT CHARSET=utf8;

/*Data for the table `collect` */

/*Table structure for table `comment` */

DROP TABLE IF EXISTS `comment`;

CREATE TABLE `comment` (
  `id` int(20) NOT NULL AUTO_INCREMENT,
  `user_id` int(20) DEFAULT NULL,
  `ana_id` int(20) DEFAULT NULL,
  `comment_content` text,
  `create_date` datetime DEFAULT NULL,
  PRIMARY KEY (`id`)
) ENGINE=InnoDB AUTO_INCREMENT=2 DEFAULT CHARSET=utf8;

/*Data for the table `comment` */

insert  into `comment`(`id`,`user_id`,`ana_id`,`comment_content`,`create_date`) values (1,1,264,'Don\'t worry be happy','2019-09-09 00:00:00');

/*Table structure for table `prize` */

DROP TABLE IF EXISTS `prize`;

CREATE TABLE `prize` (
  `id` int(20) NOT NULL AUTO_INCREMENT,
  `user_id` int(20) DEFAULT NULL,
  `ana_id` int(20) DEFAULT NULL,
  `create_date` datetime DEFAULT NULL,
  PRIMARY KEY (`id`)
) ENGINE=InnoDB DEFAULT CHARSET=utf8;

/*Data for the table `prize` */

/*Table structure for table `user` */

DROP TABLE IF EXISTS `user`;

CREATE TABLE `user` (
  `id` int(20) NOT NULL AUTO_INCREMENT,
  `user_name` varchar(50) DEFAULT NULL,
  `user_password` varchar(50) DEFAULT NULL,
  `user_nick_name` varchar(50) DEFAULT '匿名',
  `user_mobile` varchar(50) DEFAULT NULL,
  `user_signature` varchar(200) DEFAULT '默认个性签名...',
  `user_head_img` varchar(500) DEFAULT '/static/upLoadFiles/default.jpg',
  `create_date` datetime DEFAULT NULL,
  `user_disabled` int(1) DEFAULT '0',
  PRIMARY KEY (`id`)
) ENGINE=InnoDB AUTO_INCREMENT=7 DEFAULT CHARSET=utf8;

/*Data for the table `user` */

insert  into `user`(`id`,`user_name`,`user_password`,`user_nick_name`,`user_mobile`,`user_signature`,`user_head_img`,`create_date`,`user_disabled`) values (1,'18848848551','E10ADC3949BA59ABBE56E057F20F883E','采先生i','18848848551','Don\'t worry be happy','/static/upLoadFiles/698D4C1B-77B3-471E-BE05-4E0A57E783EF_20190912165127088_20190930114412785.jpeg','2018-08-08 00:00:00',0),(2,'16621701951','E10ADC3949BA59ABBE56E057F20F883E','热评墙','16621701951','未来i','/static/upLoadFiles/default.jpg','2018-08-08 00:00:00',0),(3,'13353688773','F61A67B6F93F92312C743ABF60C66285','柏柏丶','13353688773','慢下来','/static/upLoadFiles/default.jpg','2019-08-31 11:12:36',0),(4,'987654321','E10ADC3949BA59ABBE56E057F20F883E','匿名','18317325792','默认个性签名...','/static/upLoadFiles/default.jpg','2019-08-31 19:38:39',0),(5,'1402333029','E10ADC3949BA59ABBE56E057F20F883E','匿名','18848848551','默认个性签名...','/static/upLoadFiles/default.jpg','2019-09-25 14:35:52',0);
insert  into `user`(`id`,`user_name`,`user_password`,`user_nick_name`,`user_mobile`,`user_signature`,`user_head_img`,`create_date`,`user_disabled`) values (6,'douyatingy','8E6146C02A9DE3D4820D8C46932000B4','美味而已y','18538315850','人海浮沉','/static/upLoadFiles/default.jpg','2019-09-25 14:48:16',0);

/*Table structure for table `visit` */

DROP TABLE IF EXISTS `visit`;

CREATE TABLE `visit` (
  `id` int(20) NOT NULL AUTO_INCREMENT,
  `visit_ip` varchar(50) DEFAULT NULL,
  `visit_address` varchar(100) DEFAULT NULL,
  `visit_device` varchar(100) DEFAULT NULL,
  `create_date` datetime DEFAULT NULL,
  PRIMARY KEY (`id`)
) ENGINE=MyISAM AUTO_INCREMENT=19 DEFAULT CHARSET=utf8;

/*Data for the table `visit` */

insert  into `visit`(`id`,`visit_ip`,`visit_address`,`visit_device`,`create_date`) values (1,'116.231.2.108','中国 上海 上海','Windows NT 10.0','2019-09-30 14:01:39'),(2,'116.231.2.108','中国 上海 上海','Windows NT 10.0','2019-09-30 14:01:42'),(3,'116.231.2.108','中国 上海 上海','Windows NT 10.0','2019-09-30 14:01:44'),(4,'116.231.2.108','中国 上海 上海','Windows NT 10.0','2019-09-30 14:01:48'),(5,'116.231.2.108','中国 上海 上海','Windows NT 10.0','2019-09-30 14:01:50'),(6,'116.231.2.108','中国 上海 上海','Windows NT 10.0','2019-09-30 14:01:51'),(7,'116.231.2.108','中国 上海 上海','Windows NT 10.0','2019-09-30 14:02:09'),(8,'116.231.2.108','XX XX','Windows NT 10.0','2019-09-30 14:07:14'),(9,'116.231.2.108','XX XX','Windows NT 10.0','2019-09-30 14:07:41'),(10,'116.231.2.108','XX XX','Windows NT 10.0','2019-09-30 14:07:44'),(11,'116.231.2.108','中国 上海 上海','Windows NT 10.0','2019-09-30 14:07:45'),(12,'116.231.2.108','中国 上海 上海','Windows NT 10.0','2019-09-30 14:07:46');
insert  into `visit`(`id`,`visit_ip`,`visit_address`,`visit_device`,`create_date`) values (13,'116.231.2.108','中国 上海 上海','Windows NT 10.0','2019-09-30 14:07:47'),(14,'116.231.2.108','中国 上海 上海','Windows NT 10.0','2019-09-30 14:07:47'),(15,'116.231.2.108','中国 上海 上海','Windows NT 10.0','2019-09-30 14:07:48'),(16,'116.231.2.108','中国 上海 上海','Windows NT 10.0','2019-09-30 14:07:48'),(17,'116.231.2.108','XX XX','Windows NT 10.0','2019-09-30 14:07:48'),(18,'116.231.2.108','XX XX','Windows NT 10.0','2019-09-30 14:08:27');

/*!40101 SET SQL_MODE=@OLD_SQL_MODE */;
/*!40014 SET FOREIGN_KEY_CHECKS=@OLD_FOREIGN_KEY_CHECKS */;
/*!40014 SET UNIQUE_CHECKS=@OLD_UNIQUE_CHECKS */;
/*!40111 SET SQL_NOTES=@OLD_SQL_NOTES */;
